SYMBOL;DESCRIPTION;IBKR SYMBOL;CURRENCY;PRODUCT;REGION;EXCHANGE *PRIMARY EXCHANGE;Classificação Econômica;inloco
2INVE;AMUND IBEX35 DID -2X;2INVEe;EUR;ETF;FR;BATEES;Desenvolvido;1
5HGE;OSSIAM ESG SHL BRC CAPE GLB;5HGE;EUR;ETF;FR;BVME.ETF;Desenvolvido;1
AADA;21SHARES CARDANO ETP;AADA;CHF;ETF;CH;EBS*;Desenvolvido;1
ABBA;21SHARES BITCOIN SUISSE ETP;ABBA;CHF;ETF;CH;EBS*;Desenvolvido;1
ABTC;21SHARES BITCOIN SINGLE;ABTC;CHF;ETF;CH;EBS*;Desenvolvido;1
ADOT;21SHARES POLKADOT ETP;ADOT;CHF;ETF;CH;EBS*;Desenvolvido;1
ADSIC;ETP ADAPTIVV DC SWISS;ADSIC;CHF;ETF;CH;EBS*;Desenvolvido;1
ADWIC;ETP ADAPTIVV DWI;ADWIC;CHF;ETF;CH;EBS*;Desenvolvido;1
AETH;21SHARES ETHEREUM STAKING ET;AETH;CHF;ETF;CH;EBS*;Desenvolvido;1
ALGO;21SHARES ALGORAND ETP USD;ALGO;CHF;ETF;CH;EBS*;Desenvolvido;1
ALTS;21SHARES CRYPTO MCAP IDX ETP;ALTS;CHF;ETF;CH;EBS*;Desenvolvido;1
ANRJ;AMUNDI GLOBAL HYDROGEN ESG S;ANRJp;EUR;ETF;FR;DXEEN;Desenvolvido;1
ASOL;21SHARES SOLANA STAKING ETP;ASOL;CHF;ETF;CH;EBS*;Desenvolvido;1
ATOM;21SHARES COSMOS STAKING ETP;ATOM;CHF;ETF;CH;EBS*;Desenvolvido;1
AUCHAH;UBS ETF GOLD H. CHF;AUCHAz;CHF;ETF;CH;BATECH;Desenvolvido;1
AUUSI;UBS ETF GOLD;AUUSI;CHF;ETF;CH;EBS*;Desenvolvido;1
AVAX;21SHARES AVALANCHE STAKI ETP;AVAX;CHF;ETF;CH;EBS*;Desenvolvido;1
AWAT;AMUNDI PEA EAU (MSCI WATER);AWAT;EUR;ETF;FR;SBF*;Desenvolvido;1
AXRP;21SHARES XRP ETP;AXRP;CHF;ETF;CH;EBS*;Desenvolvido;1
BBEU;AMUNDI ETF MSCI EUR BUYBACK;BBEU;EUR;ETF;FR;BVME.ETF*;Desenvolvido;1
BEL;AMUNDI BEL 20 UCITS ETF;BEL;EUR;ETF;FR;ENEXT.BE*;Desenvolvido;1
BERMIB;AMUND FTSE MIB D-1X INV;BERMIB;EUR;ETF;FR;BVME.ETF*;Desenvolvido;1
BEST;ETP ON THE MARKET BEST IND;BEST;CHF;ETF;CH;EBS*;Desenvolvido;1
BITCOINXB;BITCOIN TRACKER ONE - SEK;BITCOIN XBT;SEK;ETF;SE;SFB*;Desenvolvido;1
BOLD;21SHARES BYTETREE BOLD ETP;BOLD;CHF;ETF;CH;EBS*;Desenvolvido;1
BQGE;BARCLAYS QUANTIC GLOBAL E NR;BQGE;EUR;ETF;FR;IBIS*;Desenvolvido;1
BSX;AMUNDI EURSTX50 DAILY -1X;LSK7;EUR;ETF;FR;IBIS;Desenvolvido;1
BTC;MELANION BTC EQUIT UCITS ETF;BTC;EUR;ETF;FR;SBF*;Desenvolvido;1
BTCA;15 FICAS ACTIVE CRYPTO;BTCA;CHF;ETF;CH;EBS*;Desenvolvido;1
BTCD;FICAS DYNAMIC CRYPTO ETP;BTCD;CHF;ETF;CH;EBS*;Desenvolvido;1
BTCL;LEONTEQ BITCOIN ETP;BTCL;CHF;ETF;CH;EBS*;Desenvolvido;1
BTPS;AMUNDI ITALY BTP DAILY -2X I;BTPS;EUR;ETF;FR;SBF*;Desenvolvido;1
BX4;AMUND CAC40 DX2SHRT;BX4p;EUR;ETF;FR;BATEEN;Desenvolvido;1
BXX;AMUND EURSTX 50 D -2X INVERS;BXXp;EUR;ETF;FR;DXEEN;Desenvolvido;1
C3M;AMUNDI ETF GOVIES 0-6 MONTHS;C3Mp;EUR;ETF;FR;CHIXEN;Desenvolvido;1
C5E;AMUNDI ETF STOXX EUROPE 50 U;AE50;EUR;ETF;FR;GETTEX;Desenvolvido;1
CAC;AMUNDI CAC 40;CAC.PA;EUR;ETF;FR;TRWBEN;Desenvolvido;1
CACC;AMUNDI CAC 40;CACCp;EUR;ETF;FR;DXEEN;Desenvolvido;1
CASL;CARDANO ADA STAKING BY LQD E;CASL;CHF;ETF;CH;EBS*;Desenvolvido;1
CBESG;UBS ETF SBI CORP ESG;CBESG;CHF;ETF;CH;EBS*;Desenvolvido;1
CBTC;21SHARES BITCOIN CORE ETP;CBTC;CHF;ETF;CH;EBS*;Desenvolvido;1
CCCC;CODED CAPITAL CRYPTO CHAMPIO;CCCC;CHF;ETF;CH;EBS*;Desenvolvido;1
CCMCI;UBS BBG CMCI COMPST TR CHF;CCMCI;CHF;ETF;CH;EBS*;Desenvolvido;1
CD6;AMUNDI ETF MSCI EUROPE CONSU;CD6;EUR;ETF;FR;BVME.ETF*;Desenvolvido;1
CD8;AMUNDI ETF MSCI EMU HIGH DIV;18M2;EUR;ETF;FR;IBIS;Desenvolvido;1
CF1;AMUNDI ETF MSCI FRANCE UCITS;CF1;EUR;ETF;FR;SBF*;Desenvolvido;1
CG1;AMUNDI ETF DAX UCITS ETF DR;CG1.PA;EUR;ETF;FR;TRWBEN;Desenvolvido;1
CHCORP;ISHARES CORE CHF CORP BD CH;CHCORP;CHF;ETF;CH;EBS*;Desenvolvido;1
CHDIV;UBS-MSCI SW IMI DVD ESG ADIS;CHDIV;CHF;ETF;CH;EBS*;Desenvolvido;1
CHDVD;ISHARES SWISS DIVIDEND CH;CHDVDz;CHF;ETF;CH;BATECH;Desenvolvido;1
CHESG;UBS ETF SBI AAA-BBB ESG;CHESGz;CHF;ETF;CH;TRQXCH;Desenvolvido;1
CHFO;ETP CHF OVERNIGHT RATE;CHFO;CHF;ETF;CH;EBS*;Desenvolvido;1
CHSPI;ISHARES CORE SPI CH;CHSPI.S;CHF;ETF;CH;TRWBCH;Desenvolvido;1
CHSRI;UBS ETF MSCI CH IMI SRI;CHSRIz;CHF;ETF;CH;AQXECH;Desenvolvido;1
CHSRIA;UBS ETF MSCI CH IMI SRI;CHSRIA.S;CHF;ETF;CH;TRWBCH;Desenvolvido;1
CKCCIU;UBS ETC ON CMCI COFFEE CHF;CKCCIU;CHF;ETF;CH;EBS*;Desenvolvido;1
CL2;AMUNDI ETF LEVERAGED MSCI US;18MF;EUR;ETF;FR;TGATE;Desenvolvido;1
CLPCIU;UBS ETC ON CMCI COPPER CHF;CLPCIU;CHF;ETF;CH;EBS*;Desenvolvido;1
CM9;AMUNDI ETF MSCI WORLD EX EMU;CM9p;EUR;ETF;FR;BATEEN;Desenvolvido;1
CNAA;AMUNDI MSCI CHINA A UCITS ET;CNAA.DE;EUR;ETF;FR;TRWBDE;Desenvolvido;1
COSE;AMUNDI PEA S&P US CS ESG;COSE;EUR;ETF;FR;SBF*;Desenvolvido;1
CQCCIU;UBS ETC ON CMCI COCOA CHF;CQCCIU;CHF;ETF;CH;EBS*;Desenvolvido;1
CS1;AMUNDI IBEX 35 UCITS ACC;AMES;EUR;ETF;FR;GETTEX;Desenvolvido;1
CSBCIU;UBS ETC ON CMCI SUGAR CHF;CSBCIU;CHF;ETF;CH;EBS*;Desenvolvido;1
CSBGC0;ISHARES SWISS DOM GOVT 7-15;CSB0Zz;CHF;ETF;CH;BATECH;Desenvolvido;1
CSBGC3;ISHARES SBIDG 0-3 CH;CSB3Zz;CHF;ETF;CH;AQXECH;Desenvolvido;1
CSBGC7;ISHARES SBIDG 3-7 CH;CSB7Zz;CHF;ETF;CH;CHIXCH;Desenvolvido;1
CSGLDC;ISHARES GOLD CHF HDG CH;CSGLDz;CHF;ETF;CH;CHIXCH;Desenvolvido;1
CSH1;AMUND EURO OVERNIGHT RETURN;CSHp;EUR;ETF;FR;TRQXEN;Desenvolvido;1
CSSLI;ISHARES SLI ETF CH;CSSLI.S;CHF;ETF;CH;TRWBCH;Desenvolvido;1
CSSMI;ISHARES SMI ETF CH;CSSMIz;CHF;ETF;CH;AQXECH;Desenvolvido;1
CSSMIM;ISHARES SMIM ETF CH;CSSMIM.S;CHF;ETF;CH;TRWBCH;Desenvolvido;1
CU9;AMUNDI MSCI EUROPE EX EMU ES;CU9p;EUR;ETF;FR;CHIXEN;Desenvolvido;1
CWWCIU;UBS ETC ON CMCI WHEAT CHF;CWWCIU;CHF;ETF;CH;EBS*;Desenvolvido;1
DJE;AM DOW JNS INDS AVG UC ETF-D;DJAM;EUR;ETF;FR;IBIS;Desenvolvido;1
DSB;AMUNDI BUND DAILY -2X INV;DSB.PA;EUR;ETF;FR;TRWBEN;Desenvolvido;1
DSD;AMUNDI DAILY SHORTDAY X2;DSDp;EUR;ETF;FR;CHIXEN;Desenvolvido;1
DSUS;AMUNDI US TREASURY 10Y DAILY;DSUSp;EUR;ETF;FR;AQEUEN;Desenvolvido;1
E40;BNP PARIBAS EASY CAC 40 ESG;E40p;EUR;ETF;FR;CHIXEN;Desenvolvido;1
ELCR;AMDI MSCI FUTUREMOBILITY ESG;ELCR;EUR;ETF;FR;SBF*;Desenvolvido;1
ESAD;BNPP FTSE EPRA GLB CTB ETF;ESAD;EUR;ETF;FR;GETTEX;Desenvolvido;1
ESE;BNP P S&P 500 UCITS ETF;EAESE.S;EUR;ETF;FR;TRWBCH;Desenvolvido;1
ESEA;BNP P S&P 500 UCITS ETF;ESEA;EUR;ETF;FR;GETTEX*;Desenvolvido;1
ESEH;BNP P S&P 500 UCITS ETF;ESEHp;EUR;ETF;FR;DXEEN;Desenvolvido;1
ESGEU;ETP ON GGX SDL EUROPE INDEX;ESGEU;CHF;ETF;CH;EBS*;Desenvolvido;1
ETBB;BNP P EURO STOXX 50 UCITS;ETBB;EUR;ETF;FR;GETTEX;Desenvolvido;1
ETDD;BNP P EURO STOXX 50 UCITS;ETDD;EUR;ETF;FR;FWB;Desenvolvido;1
ETFMIB;AMUNDI FTSE MIB UCITS ETF;LYMIB.PA;EUR;ETF;FR;TRWBEN;Desenvolvido;1
ETHEREUMX;ETHER TRACKER ONE - SEK;ETHEREUM XBT;SEK;ETF;SE;SFB*;Desenvolvido;1
ETHF;FIGMENT ETHEREUM PLUS SR ETP;ETHF;CHF;ETF;CH;EBS*;Desenvolvido;1
ETZ;BNP P STOXX EUROPE 600 ETF;ETSZ;EUR;ETF;FR;FWB;Desenvolvido;1
ETZD;BNP P STOXX EUROPE 600 ETF;ETZDp;EUR;ETF;FR;CHIXEN;Desenvolvido;1
FUW50;ETP ON FUW SWISS 50 IND NTR;FUW50;CHF;ETF;CH;EBS*;Desenvolvido;1
FUWEP;ETP ON FUW ECO PORTFOLIO;FUWEP;CHF;ETF;CH;EBS*;Desenvolvido;1
FUWRP;ETP ON FUW RISK PORTFOLIO;FUWRP;CHF;ETF;CH;EBS*;Desenvolvido;1
FUWVP;ETP ON FUW VALUE PORTFOLIO;FUWVP;CHF;ETF;CH;EBS*;Desenvolvido;1
GOLDC;ETP ON GOLD CHF HEDGED INDEX;GOLDC;CHF;ETF;CH;EBS*;Desenvolvido;1
GRE1;AMUNDI MSCI GREECE;LGRE.PA;EUR;ETF;FR;TRWBEN;Desenvolvido;1
HAMO;HASHDEX CRYPTO MOMENTUM ETP;HAMO;CHF;ETF;CH;EBS*;Desenvolvido;1
HASH;HASHDEX NCI EUROPE ETP;HASH;CHF;ETF;CH;EBS*;Desenvolvido;1
HODL;21SHARES CRYPTO BASKET ETP;HODL;CHF;ETF;CH;EBS*;Desenvolvido;1
HODLV;21SHARES CRYPTO BASKET EQUAL;HODLV;CHF;ETF;CH;EBS*;Desenvolvido;1
HODLX;21SH CRYTO BAK 10 CR ETP;HODLX;CHF;ETF;CH;EBS*;Desenvolvido;1
HRL.F100;HAREL SAL DJ US BOND EQ MM;HRL.F100;ILS;ETF;IL;TASE*;Desenvolvido;1
HRL.F102;HAREL S&P CONS STAPLES CUR H;HRL.F102;ILS;ETF;IL;TASE*;Desenvolvido;1
HRL.F109;HAREL TEL BOND YIELD SHEKEL;HRL.F109;ILS;ETF;IL;TASE*;Desenvolvido;1
HRL.F11;HAREL SAL (4A) TA 90;HRL.F11;ILS;ETF;IL;TASE*;Desenvolvido;1
HRL.F12;HAREL INDEX ISRAEL BANKS;HRL.F12;ILS;ETF;IL;TASE*;Desenvolvido;1
HRL.F13;HAREL SAL 00 TEL BOND 40;HRL.F13;ILS;ETF;IL;TASE*;Desenvolvido;1
HRL.F14;HAREL SAL TA-SME60;HRL.F14;ILS;ETF;IL;TASE*;Desenvolvido;1
HRL.F15;HAREL SAL 4A TA-REAL ESTATE;HRL.F15;ILS;ETF;IL;TASE*;Desenvolvido;1
HRL.F16;HAREL SAL 4A TA-FINANCE;HRL.F16;ILS;ETF;IL;TASE*;Desenvolvido;1
HRL.F17;HAREL SAL 4A TEL - DIV;HRL.F17;ILS;ETF;IL;TASE*;Desenvolvido;1
HRL.F18;HAREL SAL 4A TA-GROWTH;HRL.F18;ILS;ETF;IL;TASE*;Desenvolvido;1
HRL.F2;HAREL SAL 4A TA 125;HRL.F2;ILS;ETF;IL;TASE*;Desenvolvido;1
HRL.F200;HAREL S&P CONS DISCR CUR HDG;HRL.F200;ILS;ETF;IL;TASE*;Desenvolvido;1
HRL.F201;HAREL S&P REGIONAL BANKS CHG;HRL.F201;ILS;ETF;IL;TASE*;Desenvolvido;1
HRL.F203;HAREL EURO STOXX 50 EURO-HDG;HRL.F203;ILS;ETF;IL;TASE*;Desenvolvido;1
HRL.F204;HAREL ISE CYBER SEC DOLLAR-H;HRL.F204;ILS;ETF;IL;TASE*;Desenvolvido;1
HRL.F205;HAREL MSCI AC WORLD DOLLAR-H;HRL.F205;ILS;ETF;IL;TASE*;Desenvolvido;1
HRL.F207;HAREL SAL ISE CYBER SECURITY;HRL.F207;ILS;ETF;IL;TASE*;Desenvolvido;1
HRL.F208;HAREL IBOXX US CP LIQ 3-7 CH;HRL.F208;ILS;ETF;IL;TASE*;Desenvolvido;1
HRL.F24;HAREL SAL 00 TEL BD - SHEKEL;HRL.F24;ILS;ETF;IL;TASE*;Desenvolvido;1
HRL.F25;HAREL SAL 4D S&P 500;HRL.F25;ILS;ETF;IL;TASE*;Desenvolvido;1
HRL.F26;HAREL SAL 4D NASDAQ 100;HRL.F26;ILS;ETF;IL;TASE*;Desenvolvido;1
HRL.F28;HAREL SAL (4D) DAX 30;HRL.F28;ILS;ETF;IL;TASE*;Desenvolvido;1
HRL.F3;HAREL SAL 00 TEL BOND 20;HRL.F3;ILS;ETF;IL;TASE*;Desenvolvido;1
HRL.F300;HAREL SAL TEL BOND SHEKEL-50;HRL.F300;ILS;ETF;IL;TASE*;Desenvolvido;1
HRL.F301;HAREL SAL TEL BOND-GLOBAL;HRL.F301;ILS;ETF;IL;TASE*;Desenvolvido;1
HRL.F302;HAREL SAL TA SECTOR-BALANCE;HRL.F302;ILS;ETF;IL;TASE*;Desenvolvido;1
HRL.F303;HAREL TEL BND - SHK BNK&INS;HRL.F303;ILS;ETF;IL;TASE*;Desenvolvido;1
HRL.F31;HAREL SAL DJ US BOND EQ;HRL.F31;ILS;ETF;IL;TASE*;Desenvolvido;1
HRL.F4;HAREL SAL 00 TEL BOND 60;HRL.F4;ILS;ETF;IL;TASE*;Desenvolvido;1
HRL.F49;HAREL NASDAQ 100 CURRENCY HG;HRL.F49;ILS;ETF;IL;TASE*;Desenvolvido;1
HRL.F50;HAREL SAL S&P 500 CURNCY HDG;HRL.F50;ILS;ETF;IL;TASE*;Desenvolvido;1
HRL.F51;HAREL RUSSELL 2000 CRNCY HDG;HRL.F51;ILS;ETF;IL;TASE*;Desenvolvido;1
HRL.F53;HAREL SAL DAX 30 CURNCY HDG;HRL.F53;ILS;ETF;IL;TASE*;Desenvolvido;1
HRL.F59;HAREL SAL 4D DJ US DIVIDEND;HRL.F59;ILS;ETF;IL;TASE*;Desenvolvido;1
HRL.F61;HAREL SAL 00 TEL BND CPI LNK;HRL.F61;ILS;ETF;IL;TASE*;Desenvolvido;1
HRL.F64;HAREL SAL DJ INDUSTRIAL AVG;HRL.F64;ILS;ETF;IL;TASE*;Desenvolvido;1
HRL.F65;HAREL SAL 4D EURO STOXX 50;HRL.F65;ILS;ETF;IL;TASE*;Desenvolvido;1
HRL.F67;HAREL SAL 4A NIKKEI 225 CHDG;HRL.F67;ILS;ETF;IL;TASE*;Desenvolvido;1
HRL.F68;HAREL SAL 4D S&P INDUSTRIAL;HRL.F68;ILS;ETF;IL;TASE*;Desenvolvido;1
HRL.F69;HAREL SAL 00 TEL BOND YIELDS;HRL.F69;ILS;ETF;IL;TASE*;Desenvolvido;1
HRL.F7;HAREL SAL (4A) TA 35;HRL.F7;ILS;ETF;IL;TASE*;Desenvolvido;1
HRL.F72;HAREL SAL 4D EMERGING MARKET;HRL.F72;ILS;ETF;IL;TASE*;Desenvolvido;1
HRL.F73;HAREL SAL 4D MSCI AC WORLD;HRL.F73;ILS;ETF;IL;TASE*;Desenvolvido;1
HRL.F74;HAREL SAL 4D S&P HEALTH CARE;HRL.F74;ILS;ETF;IL;TASE*;Desenvolvido;1
HRL.F75;HAREL SAL 4D S&P FINANCIAL;HRL.F75;ILS;ETF;IL;TASE*;Desenvolvido;1
HRL.F76;HAREL SAL 4D S&P CONS STAPLE;HRL.F76;ILS;ETF;IL;TASE*;Desenvolvido;1
HRL.F77;HAREL SAL 4D STOXX EUR 600;HRL.F77;ILS;ETF;IL;TASE*;Desenvolvido;1
HRL.F80;HAREL STOXX EUROPE 600 EU-HG;HRL.F80;ILS;ETF;IL;TASE*;Desenvolvido;1
HRL.F81;HAREL SAL 4A S&P FIN CURR HD;HRL.F81;ILS;ETF;IL;TASE*;Desenvolvido;1
HRL.F82;HAREL S&P 500 L VOL CRNCY HG;HRL.F82;ILS;ETF;IL;TASE*;Desenvolvido;1
HRL.F84;HAREL MSCI EURO FIN EURO-HDG;HRL.F84;ILS;ETF;IL;TASE*;Desenvolvido;1
HRL.F86;HAREL S&P TECHNOLOGY CUR HDG;HRL.F86;ILS;ETF;IL;TASE*;Desenvolvido;1
HRL.F87;HAREL SAL 4D S&P TECHNOLOGY;HRL.F87;ILS;ETF;IL;TASE*;Desenvolvido;1
HRL.F94;HAREL 4A DJ US DVD CURR HDG;HRL.F94;ILS;ETF;IL;TASE*;Desenvolvido;1
HRL.F95;HAREL S&P 500 EQUAL WT CHGD;HRL.F95;ILS;ETF;IL;TASE*;Desenvolvido;1
HRL.F96;HAREL SAL 4D S&P ENERGY;HRL.F96;ILS;ETF;IL;TASE*;Desenvolvido;1
HRL.F99;HAREL SAL S&P CONSUMER DISCR;HRL.F99;ILS;ETF;IL;TASE*;Desenvolvido;1
HRL.FK41;HAREL KOSHER TEL BOND 60;HRL.FK41;ILS;ETF;IL;TASE*;Desenvolvido;1
HRL.FK42;HAREL KOSHER TEL BOND-SHEKEL;HRL.FK42;ILS;ETF;IL;TASE*;Desenvolvido;1
HRL.FK43;HAREL SAL KOSHER TA 125;HRL.FK43;ILS;ETF;IL;TASE*;Desenvolvido;1
HRLF209;HAREL SAL IBOXX USD CORP 3-7;HRLF209;ILS;ETF;IL;TASE*;Desenvolvido;1
HRLF29;HAREL SAL 4D HANG SENG;HRLF29;ILS;ETF;IL;TASE*;Desenvolvido;1
HRLF30;HAREL SAL 4D MSCI INDIA;HRLF30;ILS;ETF;IL;TASE*;Desenvolvido;1
HRLF93;HAREL HTF 4A S&P HEALTH CARE C;HRLF93;ILS;ETF;IL;TASE*;Desenvolvido;1
IBEXA;AMUND IBEX35 DAD 2X;IBEXAe;EUR;ETF;FR;DXEES;Desenvolvido;1
IBI.F10;IBI SAL 00 TL GOV-CPI LNK IL;IBI.F10;ILS;ETF;IL;TASE*;Desenvolvido;1
IBI.F106;IBI SAL 4D MSCI AC WORLD;IBI.F106;ILS;ETF;IL;TASE*;Desenvolvido;1
IBI.F11;IBI SAL 00 TEL GOV-SHEKEL IL;IBI.F11;ILS;ETF;IL;TASE*;Desenvolvido;1
IBI.F112;IBI SAL 4A DAX CURRENCY-HEDG;IBI.F112;ILS;ETF;IL;TASE*;Desenvolvido;1
IBI.F13;IBI SAL 00 TEL-BOND 40 IL;IBI.F13;ILS;ETF;IL;TASE*;Desenvolvido;1
IBI.F14;IBI SAL 00 TEL-BOND 60 IL;IBI.F14;ILS;ETF;IL;TASE*;Desenvolvido;1
IBI.F16;IBI SAL 00 TEL BO-CPI LNK IL;IBI.F16;ILS;ETF;IL;TASE*;Desenvolvido;1
IBI.F161;IBI SAL 6A ST TA-90 25795 IL;IBI.F161;ILS;ETF;IL;TASE*;Desenvolvido;1
IBI.F22;IBI SAL 00 TEL BOND-CPI LN A;IBI.F22;ILS;ETF;IL;TASE*;Desenvolvido;1
IBI.F35;IBI SAL 4A INDEX IS BK IL;IBI.F35;ILS;ETF;IL;TASE*;Desenvolvido;1
IBI.F42;IBI SAL 4A TA-125 IL;IBI.F42;ILS;ETF;IL;TASE*;Desenvolvido;1
IBI.F46;IBI SAL 4A TA-MIDCAP150 IL;IBI.F46;ILS;ETF;IL;TASE*;Desenvolvido;1
IBI.F6;IBI SAL 00 TEL GOV-NON LN IL;IBI.F6;ILS;ETF;IL;TASE*;Desenvolvido;1
IBI.F61;IBI SAL 4D LBMA GLD PRICE AM;IBI.F61;ILS;ETF;IL;TASE*;Desenvolvido;1
IBI.F62;IB SA 0D IBO US LI IN GR T30;IBI.F62;ILS;ETF;IL;TASE*;Desenvolvido;1
IBI.F65;IBI SAL 4D S&P 500;IBI.F65;ILS;ETF;IL;TASE*;Desenvolvido;1
IBI.FK1;IBI SAL 00 KOHR TEL-BD 60 IL;IBI.FK1;ILS;ETF;IL;TASE*;Desenvolvido;1
IBI.FK4;IBI SAL 4A KOSHER TA-125 IL;IBI.FK4;ILS;ETF;IL;TASE*;Desenvolvido;1
INR;AMUNDI MSCI INDIA;INRp;EUR;ETF;FR;TRQXEN;Desenvolvido;1
ISCH;AMDI ISR CRED USD ETF EU H C;ISCHp;EUR;ETF;FR;CHIXEN;Desenvolvido;1
ISJH;AMDI LABL ISR ACT JPN ETF HC;ISJH;EUR;ETF;FR;SBF*;Desenvolvido;1
ISRA;AMDI ISR AC EURO UCITS ETF C;ISRA;EUR;ETF;FR;SBF*;Desenvolvido;1
ISRC;AMDI ISR CRED EUR UCIT ETF C;ISRCp;EUR;ETF;FR;CHIXEN;Desenvolvido;1
ISRD;AMDI ISR CRED US UCITS ETF C;ISRDp;EUR;ETF;FR;DXEEN;Desenvolvido;1
ISRJ;AMDI LABL ISR ACT JPN ETF C;ISRJ;EUR;ETF;FR;SBF*;Desenvolvido;1
ISRM;AMDI ISR ACTIONS MONDE ETF C;ISRM;EUR;ETF;FR;SBF*;Desenvolvido;1
ISRU;AMDI ISR ACT US UCITS ETF C;ISRU;EUR;ETF;FR;SBF*;Desenvolvido;1
ISUH;AMDI ISR ACT US UC ET EURH C;ISUH;EUR;ETF;FR;SBF*;Desenvolvido;1
ITAMID;AMUNDI FTSE ITALIA PMI PIR 2;ITAMID.MI;EUR;ETF;FR;TRWBIT;Desenvolvido;1
JPN;AMUNDI JAPAN TOPIX DIST EUR;JPNp;EUR;ETF;FR;BATEEN;Desenvolvido;1
JPNH;AMI JAPAN TOPIX-D-HDG-EUR;JPNH;EUR;ETF;FR;EBS;Desenvolvido;1
KSM.F1;KSM ETF TEL-CP35;KSM.F1;ILS;ETF;IL;TASE*;Desenvolvido;1
KSM.F10;KSM ETF HHOTR;KSM.F10;ILS;ETF;IL;TASE*;Desenvolvido;1
KSM.F101;KSM ETF SPTSX60N CH;KSM.F101;ILS;ETF;IL;TASE*;Desenvolvido;1
KSM.F103;KSM ETF TA-OIL;KSM.F103;ILS;ETF;IL;TASE*;Desenvolvido;1
KSM.F104;KSM ETF TA-BIO;KSM.F104;ILS;ETF;IL;TASE*;Desenvolvido;1
KSM.F106;KSM ETF IBOXIG30;KSM.F106;ILS;ETF;IL;TASE*;Desenvolvido;1
KSM.F107;KSM ETF TEL-BCL;KSM.F107;ILS;ETF;IL;TASE*;Desenvolvido;1
KSM.F108;KSM ETF TEL-BCLS;KSM.F108;ILS;ETF;IL;TASE*;Desenvolvido;1
KSM.F109;KSM ETF SPSIHON;KSM.F109;ILS;ETF;IL;TASE*;Desenvolvido;1
KSM.F11;KSM ETF CTIUSTR;KSM.F11;ILS;ETF;IL;TASE*;Desenvolvido;1
KSM.F110;KSM ETF TEL-YLD;KSM.F110;ILS;ETF;IL;TASE*;Desenvolvido;1
KSM.F111;KSM ETF LV SPTR500N X3;KSM.F111;ILS;ETF;IL;TASE*;Desenvolvido;1
KSM.F112;KSM ETF LV XNDXNNR X3;KSM.F112;ILS;ETF;IL;TASE*;Desenvolvido;1
KSM.F113;KSM ETF 6D LV DAXNR X3;KSM.F113;ILS;ETF;IL;TASE*;Desenvolvido;1
KSM.F114;KSM ETF LVSHO SPTR500N X2;KSM.F114;ILS;ETF;IL;TASE*;Desenvolvido;1
KSM.F115;KSM ETF LVSHO XNDXNNR X2;KSM.F115;ILS;ETF;IL;TASE*;Desenvolvido;1
KSM.F116;KSM ETF LVSHO DAXNR X2;KSM.F116;ILS;ETF;IL;TASE*;Desenvolvido;1
KSM.F117;KSM ETF SPTRSMCN CH;KSM.F117;ILS;ETF;IL;TASE*;Desenvolvido;1
KSM.F118;KSM ETF MWMFTR;KSM.F118;ILS;ETF;IL;TASE*;Desenvolvido;1
KSM.F119;KSM ETF CMP STK US CH;KSM.F119;ILS;ETF;IL;TASE*;Desenvolvido;1
KSM.F12;KSM ETF IXENTR;KSM.F12;ILS;ETF;IL;TASE*;Desenvolvido;1
KSM.F120;KSM ETF DRBN CH;KSM.F120;ILS;ETF;IL;TASE*;Desenvolvido;1
KSM.F121;KSM ETF SXXR EH;KSM.F121;ILS;ETF;IL;TASE*;Desenvolvido;1
KSM.F122;KSM ETF SXXR;KSM.F122;ILS;ETF;IL;TASE*;Desenvolvido;1
KSM.F123;KSM ETF DRBN;KSM.F123;ILS;ETF;IL;TASE*;Desenvolvido;1
KSM.F124;KSM ETF MCXR EH;KSM.F124;ILS;ETF;IL;TASE*;Desenvolvido;1
KSM.F125;KSM ETF CMP STK EU EH;KSM.F125;ILS;ETF;IL;TASE*;Desenvolvido;1
KSM.F126;KSM ET 00 TL B-CPI LBW CO IL;KSM.F126;ILS;ETF;IL;TASE*;Desenvolvido;1
KSM.F127;KSM ETF SX7R EH;KSM.F127;ILS;ETF;IL;TASE*;Desenvolvido;1
KSM.F128;KSM ETF MDAXNR;KSM.F128;ILS;ETF;IL;TASE*;Desenvolvido;1
KSM.F129;KSM ETF MDAXNR CH;KSM.F129;ILS;ETF;IL;TASE*;Desenvolvido;1
KSM.F13;KSM ETF TEL-DIV;KSM.F13;ILS;ETF;IL;TASE*;Desenvolvido;1
KSM.F130;KSM ETF SXDR;KSM.F130;ILS;ETF;IL;TASE*;Desenvolvido;1
KSM.F131;KSM ETF SXAR;KSM.F131;ILS;ETF;IL;TASE*;Desenvolvido;1
KSM.F132;KSM ETF IXMNTR;KSM.F132;ILS;ETF;IL;TASE*;Desenvolvido;1
KSM.F133;KSM ETF IXINTR;KSM.F133;ILS;ETF;IL;TASE*;Desenvolvido;1
KSM.F134;KSM ETF IXYNTR;KSM.F134;ILS;ETF;IL;TASE*;Desenvolvido;1
KSM.F135;KSM ETF SMIC;KSM.F135;ILS;ETF;IL;TASE*;Desenvolvido;1
KSM.F136;KSM ETF MCXNUK CH;KSM.F136;ILS;ETF;IL;TASE*;Desenvolvido;1
KSM.F137;KSM ETF SX7R;KSM.F137;ILS;ETF;IL;TASE*;Desenvolvido;1
KSM.F138;KSM ETF UKXNUK CH;KSM.F138;ILS;ETF;IL;TASE*;Desenvolvido;1
KSM.F139;KSM ETF DJINETN CH;KSM.F139;ILS;ETF;IL;TASE*;Desenvolvido;1
KSM.F14;KSM ETF BCOMCOT;KSM.F14;ILS;ETF;IL;TASE*;Desenvolvido;1
KSM.F140;KSM ETF CMP STK MID DV CH;KSM.F140;ILS;ETF;IL;TASE*;Desenvolvido;1
KSM.F141;KSM ETF CMP TEL GOV+EQ CH;KSM.F141;ILS;ETF;IL;TASE*;Desenvolvido;1
KSM.F142;KSM ETF SP5LVHDN;KSM.F142;ILS;ETF;IL;TASE*;Desenvolvido;1
KSM.F143;KSM ETF M1WO DH;KSM.F143;ILS;ETF;IL;TASE*;Desenvolvido;1
KSM.F144;KSM ETF TEL-COMP;KSM.F144;ILS;ETF;IL;TASE*;Desenvolvido;1
KSM.F145;KSM ETF DJDVN CH;KSM.F145;ILS;ETF;IL;TASE*;Desenvolvido;1
KSM.F146;KSM ETF SD3T CH;KSM.F146;ILS;ETF;IL;TASE*;Desenvolvido;1
KSM.F147;KSM ETF SX7T CH;KSM.F147;ILS;ETF;IL;TASE*;Desenvolvido;1
KSM.F148;KSM ETF SHO TEL-YLD;KSM.F148;ILS;ETF;IL;TASE*;Desenvolvido;1
KSM.F149;KSM ETF CMP TEL GOV+EQ CH;KSM.F149;ILS;ETF;IL;TASE*;Desenvolvido;1
KSM.F15;KSM ETF SHO TA-REAL;KSM.F15;ILS;ETF;IL;TASE*;Desenvolvido;1
KSM.F150;KSM ETF CMP STK US;KSM.F150;ILS;ETF;IL;TASE*;Desenvolvido;1
KSM.F152;KSM ETF IXVNTR;KSM.F152;ILS;ETF;IL;TASE*;Desenvolvido;1
KSM.F153;KSMETF TEL GOV SHO SHEK;KSM.F153;ILS;ETF;IL;TASE*;Desenvolvido;1
KSM.F154;KSM ETF 00 ALL-BOND-FLOATING;KSM.F154;ILS;ETF;IL;TASE*;Desenvolvido;1
KSM.F155;KSM ETF CMP STK SEC EU EH;KSM.F155;ILS;ETF;IL;TASE*;Desenvolvido;1
KSM.F156;KSM ETF CMP STK SEC US;KSM.F156;ILS;ETF;IL;TASE*;Desenvolvido;1
KSM.F157;KSM ETF CMP BND GOV+FR CH;KSM.F157;ILS;ETF;IL;TASE*;Desenvolvido;1
KSM.F158;KSM ETF IXTNTR;KSM.F158;ILS;ETF;IL;TASE*;Desenvolvido;1
KSM.F159;KSM ETF IXRNTR;KSM.F159;ILS;ETF;IL;TASE*;Desenvolvido;1
KSM.F16;KSM ETF NKYNTR CH;KSM.F16;ILS;ETF;IL;TASE*;Desenvolvido;1
KSM.F160;KSM ETF IBOXPHA0 CH;KSM.F160;ILS;ETF;IL;TASE*;Desenvolvido;1
KSM.F161;KSM ETF IBOXPHA1 CH;KSM.F161;ILS;ETF;IL;TASE*;Desenvolvido;1
KSM.F162;KSM ETF BGTHNTR;KSM.F162;ILS;ETF;IL;TASE*;Desenvolvido;1
KSM.F163;KSM ETF SPSIRBKN;KSM.F163;ILS;ETF;IL;TASE*;Desenvolvido;1
KSM.F164;KSM ETF IBOXPHA1;KSM.F164;ILS;ETF;IL;TASE*;Desenvolvido;1
KSM.F165;KSM ETF CMP BND FR CH;KSM.F165;ILS;ETF;IL;TASE*;Desenvolvido;1
KSM.F166;KSM ETF SP5LVHDN CH;KSM.F166;ILS;ETF;IL;TASE*;Desenvolvido;1
KSM.F169;KSM ETF SHO TA-SME60;KSM.F169;ILS;ETF;IL;TASE*;Desenvolvido;1
KSM.F17;KSM ETF SX5T CH;KSM.F17;ILS;ETF;IL;TASE*;Desenvolvido;1
KSM.F170;KSM ETF SPSIPHN;KSM.F170;ILS;ETF;IL;TASE*;Desenvolvido;1
KSM.F171;KSM ETF M1WD DH;KSM.F171;ILS;ETF;IL;TASE*;Desenvolvido;1
KSM.F172;KSM ETF CMP BND GE+EQ CH;KSM.F172;ILS;ETF;IL;TASE*;Desenvolvido;1
KSM.F174;KSM ETF TEL-SH35;KSM.F174;ILS;ETF;IL;TASE*;Desenvolvido;1
KSM.F175;KSM ETF TEL-BD;KSM.F175;ILS;ETF;IL;TASE*;Desenvolvido;1
KSM.F18;KSM ETF TEL-B20;KSM.F18;ILS;ETF;IL;TASE*;Desenvolvido;1
KSM.F19;KSM ETF IBOXHY;KSM.F19;ILS;ETF;IL;TASE*;Desenvolvido;1
KSM.F192;KSM ETF 4A TA SECTOR BALANCE;KSM.F192;ILS;ETF;IL;TASE*;Desenvolvido;1
KSM.F2;KSM ETF TEL-B50;KSM.F2;ILS;ETF;IL;TASE*;Desenvolvido;1
KSM.F20;KSM ETF OMXS30GI;KSM.F20;ILS;ETF;IL;TASE*;Desenvolvido;1
KSM.F21;KSM ETF TA-GROW;KSM.F21;ILS;ETF;IL;TASE*;Desenvolvido;1
KSM.F218;KSM ETF TEL-BCL AA-AAA IL;KSM.F218;ILS;ETF;IL;TASE*;Desenvolvido;1
KSM.F219;KSM ETF TEL-SHA IL;KSM.F219;ILS;ETF;IL;TASE*;Desenvolvido;1
KSM.F22;KSM ETF MCXR;KSM.F22;ILS;ETF;IL;TASE*;Desenvolvido;1
KSM.F220;KSM ETF TEL-SHAA IL;KSM.F220;ILS;ETF;IL;TASE*;Desenvolvido;1
KSM.F221;KSM ETF TEL-CP51 IL;KSM.F221;ILS;ETF;IL;TASE*;Desenvolvido;1
KSM.F223;KSM ETF TEL-SH03 IL;KSM.F223;ILS;ETF;IL;TASE*;Desenvolvido;1
KSM.F225;KSM ETF SP TECH H;KSM.F225;ILS;ETF;IL;TASE*;Desenvolvido;1
KSM.F228;KSM ETF SP400NTR CH;KSM.F228;ILS;ETF;IL;TASE*;Desenvolvido;1
KSM.F229;KSM ETF SP CONS DISCRET H;KSM.F229;ILS;ETF;IL;TASE*;Desenvolvido;1
KSM.F23;KSM ETF TEL GOV FL0;KSM.F23;ILS;ETF;IL;TASE*;Desenvolvido;1
KSM.F230;KSM ETF SPSIRBKN CH;KSM.F230;ILS;ETF;IL;TASE*;Desenvolvido;1
KSM.F232;KSM ETF SP CONS STAPLES H;KSM.F232;ILS;ETF;IL;TASE*;Desenvolvido;1
KSM.F236;KSM ETF SP CONS STAPLES;KSM.F236;ILS;ETF;IL;TASE*;Desenvolvido;1
KSM.F24;KSM ETF SD3T;KSM.F24;ILS;ETF;IL;TASE*;Desenvolvido;1
KSM.F25;KSM ETF SDGV;KSM.F25;ILS;ETF;IL;TASE*;Desenvolvido;1
KSM.F26;KSM ETF SHO TEL-B20;KSM.F26;ILS;ETF;IL;TASE*;Desenvolvido;1
KSM.F27;KSM ETF LVSHO TA-35 X2;KSM.F27;ILS;ETF;IL;TASE*;Desenvolvido;1
KSM.F28;KSM ETF DJDVN;KSM.F28;ILS;ETF;IL;TASE*;Desenvolvido;1
KSM.F29;KSM ETF SPTSX60N;KSM.F29;ILS;ETF;IL;TASE*;Desenvolvido;1
KSM.F3;KSM ETF TEL-BGLO;KSM.F3;ILS;ETF;IL;TASE*;Desenvolvido;1
KSM.F30;KSM ETF M7SG;KSM.F30;ILS;ETF;IL;TASE*;Desenvolvido;1
KSM.F31;KSM ETF IBOV;KSM.F31;ILS;ETF;IL;TASE*;Desenvolvido;1
KSM.F32;KSM ETF NCAC;KSM.F32;ILS;ETF;IL;TASE*;Desenvolvido;1
KSM.F33;KSM ETF ASN51;KSM.F33;ILS;ETF;IL;TASE*;Desenvolvido;1
KSM.F34;KSM ETF 4A TA-INSURANCE;KSM.F34;ILS;ETF;IL;TASE*;Desenvolvido;1
KSM.F35;KSMETF TEL GOV CPI-LIN0-2;KSM.F35;ILS;ETF;IL;TASE*;Desenvolvido;1
KSM.F36;KSMETF TEL GOV CPI-LIN2-5;KSM.F36;ILS;ETF;IL;TASE*;Desenvolvido;1
KSM.F37;KSMETF TEL GOV SHEK 0-2;KSM.F37;ILS;ETF;IL;TASE*;Desenvolvido;1
KSM.F38;KSMETF TEL GOV SHEK 5+;KSM.F38;ILS;ETF;IL;TASE*;Desenvolvido;1
KSM.F39;KSMETF TEL GOV SHEK 2-5;KSM.F39;ILS;ETF;IL;TASE*;Desenvolvido;1
KSM.F4;KSM ETF IBXXFRN3;KSM.F4;ILS;ETF;IL;TASE*;Desenvolvido;1
KSM.F40;KSM ETF TEL-B40;KSM.F40;ILS;ETF;IL;TASE*;Desenvolvido;1
KSM.F41;KSM ETF TEL-B60;KSM.F41;ILS;ETF;IL;TASE*;Desenvolvido;1
KSM.F42;KSM ETF TEL GOV CPI-LIN;KSM.F42;ILS;ETF;IL;TASE*;Desenvolvido;1
KSM.F43;KSM ETF TEL GOV T-BIL;KSM.F43;ILS;ETF;IL;TASE*;Desenvolvido;1
KSM.F44;KSM ETF SX8R;KSM.F44;ILS;ETF;IL;TASE*;Desenvolvido;1
KSM.F45;KSM ETF CMP BND GOV+EQ IS;KSM.F45;ILS;ETF;IL;TASE*;Desenvolvido;1
KSM.F46;KSM ETF LV TA-35 X3;KSM.F46;ILS;ETF;IL;TASE*;Desenvolvido;1
KSM.F48;KSM ETF TEL-BSH;KSM.F48;ILS;ETF;IL;TASE*;Desenvolvido;1
KSM.F49;KSM ETF GOLDLNPM CH;KSM.F49;ILS;ETF;IL;TASE*;Desenvolvido;1
KSM.F5;KSM ETF SP400NTR;KSM.F5;ILS;ETF;IL;TASE*;Desenvolvido;1
KSM.F50;KSM ETF SHO TEL-B40;KSM.F50;ILS;ETF;IL;TASE*;Desenvolvido;1
KSM.F51;KSM ETF UKXNUK;KSM.F51;ILS;ETF;IL;TASE*;Desenvolvido;1
KSM.F52;KSM ETF XNDXNNR;KSM.F52;ILS;ETF;IL;TASE*;Desenvolvido;1
KSM.F53;KSM ETF 4D DAX;KSM.F53;ILS;ETF;IL;TASE*;Desenvolvido;1
KSM.F54;KSM ETF TXIN0NCH;KSM.F54;ILS;ETF;IL;TASE*;Desenvolvido;1
KSM.F55;KSM ETF TA-SME60;KSM.F55;ILS;ETF;IL;TASE*;Desenvolvido;1
KSM.F56;KSM ETF TA-REAL;KSM.F56;ILS;ETF;IL;TASE*;Desenvolvido;1
KSM.F57;KSM ETF TA-FIN;KSM.F57;ILS;ETF;IL;TASE*;Desenvolvido;1
KSM.F58;KSMETF TEL GOV SHEKEL;KSM.F58;ILS;ETF;IL;TASE*;Desenvolvido;1
KSM.F59;KSM ETF TA-35;KSM.F59;ILS;ETF;IL;TASE*;Desenvolvido;1
KSM.F6;KSM ETF GOLDLNPM;KSM.F6;ILS;ETF;IL;TASE*;Desenvolvido;1
KSM.F60;KSM ETF RU20N30U;KSM.F60;ILS;ETF;IL;TASE*;Desenvolvido;1
KSM.F61;KSM ETF CECENTRE;KSM.F61;ILS;ETF;IL;TASE*;Desenvolvido;1
KSM.F62;KSMETF TELGOV CPI-LIN5-10;KSM.F62;ILS;ETF;IL;TASE*;Desenvolvido;1
KSM.F63;KSM ETF M7IN;KSM.F63;ILS;ETF;IL;TASE*;Desenvolvido;1
KSM.F64;KSM ETF KOSPI2T;KSM.F64;ILS;ETF;IL;TASE*;Desenvolvido;1
KSM.F65;KSM ETF CRDXNTRU;KSM.F65;ILS;ETF;IL;TASE*;Desenvolvido;1
KSM.F66;KSM ETF M7TW;KSM.F66;ILS;ETF;IL;TASE*;Desenvolvido;1
KSM.F67;KSM ETF M1WO;KSM.F67;ILS;ETF;IL;TASE*;Desenvolvido;1
KSM.F68;KSM ETF M1EF;KSM.F68;ILS;ETF;IL;TASE*;Desenvolvido;1
KSM.F69;KSM ETF M1FEJ;KSM.F69;ILS;ETF;IL;TASE*;Desenvolvido;1
KSM.F7;KSM ETF SPGSCITR;KSM.F7;ILS;ETF;IL;TASE*;Desenvolvido;1
KSM.F71;KSM ETF M7ES;KSM.F71;ILS;ETF;IL;TASE*;Desenvolvido;1
KSM.F72;KSM ETF TA-90;KSM.F72;ILS;ETF;IL;TASE*;Desenvolvido;1
KSM.F74;KSM ETF TA-125;KSM.F74;ILS;ETF;IL;TASE*;Desenvolvido;1
KSM.F75;KSM ETF TA-BLUE;KSM.F75;ILS;ETF;IL;TASE*;Desenvolvido;1
KSM.F76;KSM ETF SX5T;KSM.F76;ILS;ETF;IL;TASE*;Desenvolvido;1
KSM.F77;KSM ETF INDEX ISRAELI BANKS;KSM.F77;ILS;ETF;IL;TASE*;Desenvolvido;1
KSM.F78;KSM ETF DJINR;KSM.F78;ILS;ETF;IL;TASE*;Desenvolvido;1
KSM.F8;KSM ETF DJTBAKT;KSM.F8;ILS;ETF;IL;TASE*;Desenvolvido;1
KSM.F80;KSM ETF SPTR500N;KSM.F80;ILS;ETF;IL;TASE*;Desenvolvido;1
KSM.F81;KSM ETF BCOMAG;KSM.F81;ILS;ETF;IL;TASE*;Desenvolvido;1
KSM.F82;KSM ETF SPTR500N CH;KSM.F82;ILS;ETF;IL;TASE*;Desenvolvido;1
KSM.F83;KSM ETF XNDXNNR CH;KSM.F83;ILS;ETF;IL;TASE*;Desenvolvido;1
KSM.F84;KSM ETF BCOMCOT CH;KSM.F84;ILS;ETF;IL;TASE*;Desenvolvido;1
KSM.F85;KSM ETF CMP TELGOV+COR IL;KSM.F85;ILS;ETF;IL;TASE*;Desenvolvido;1
KSM.F86;KSM ETF TEL GOV;KSM.F86;ILS;ETF;IL;TASE*;Desenvolvido;1
KSM.F87;KSM ETF CMP BND GEN+EQ;KSM.F87;ILS;ETF;IL;TASE*;Desenvolvido;1
KSM.F88;KSM ETF CMP BND GEN+EQ IS;KSM.F88;ILS;ETF;IL;TASE*;Desenvolvido;1
KSM.F89;KSM ETF M1WD;KSM.F89;ILS;ETF;IL;TASE*;Desenvolvido;1
KSM.F9;KSM ETF DJTHCAT;KSM.F9;ILS;ETF;IL;TASE*;Desenvolvido;1
KSM.F90;KSM ETF HSI21N CH;KSM.F90;ILS;ETF;IL;TASE*;Desenvolvido;1
KSM.F91;KSM ETF CMP BND GE+EQ;KSM.F91;ILS;ETF;IL;TASE*;Desenvolvido;1
KSM.F92;KSM ETF 4A DAXNR CH;KSM.F92;ILS;ETF;IL;TASE*;Desenvolvido;1
KSM.F93;KSM ETF SHO TA-90;KSM.F93;ILS;ETF;IL;TASE*;Desenvolvido;1
KSM.F94;KSM ETF RU20N30U CH;KSM.F94;ILS;ETF;IL;TASE*;Desenvolvido;1
KSM.F95;KSM ETF M1EF DH;KSM.F95;ILS;ETF;IL;TASE*;Desenvolvido;1
KSM.F96;KSM ETF SHO TA-35;KSM.F96;ILS;ETF;IL;TASE*;Desenvolvido;1
KSM.F98;KSM ETF DJILSCST;KSM.F98;ILS;ETF;IL;TASE*;Desenvolvido;1
KSM.FK1;KSM ETF KOSHER TEL-B60;KSM.FK1;ILS;ETF;IL;TASE*;Desenvolvido;1
KSM.FK2;KSM ETF KOSHER TEL-BSH;KSM.FK2;ILS;ETF;IL;TASE*;Desenvolvido;1
KSM.FK3;KSM ETF KOSHER TA-125;KSM.FK3;ILS;ETF;IL;TASE*;Desenvolvido;1
KSMF167;KSM KTF4A S&P HEALTH CARE CURR;KSMF167;ILS;ETF;IL;TASE*;Desenvolvido;1
LAY1;21SHARES CRYPTO LAYER 1 ETP;LAY1;CHF;ETF;CH;EBS*;Desenvolvido;1
LEM;AMUNDI EMERGING MARKETS;LYM7;EUR;ETF;FR;SWB;Desenvolvido;1
LEVMIB;AMUND FTSE MIB D 2X LEV;LEVMIB;EUR;ETF;FR;BVME.ETF*;Desenvolvido;1
LNY4;LYXOR EMERGING MARKETS;LNY4;EUR;ETF;FR;GETTEX*;Desenvolvido;1
LQQ;AMUND NASDAQ 100 DALY LEV;LQQp;EUR;ETF;FR;DXEEN;Desenvolvido;1
LVC;AMUND CAC 40 DAILY 2X LEV;LVC;EUR;ETF;FR;SBF*;Desenvolvido;1
LVE;AMUND EURSTX50 DAILY LEV;DJLEV;EUR;ETF;FR;BVME.ETF;Desenvolvido;1
LYQ4;AMNI STOXX 50 DR-HDG-USD;LYQ4;EUR;ETF;FR;GETTEX*;Desenvolvido;1
LYXIB;AMUNDI IBEX 35 UCITS ETF;LYXIBe;EUR;ETF;FR;BATEES;Desenvolvido;1
LYXV;LYX ETF JP EUR VAL FACT INDX;LYXV;EUR;ETF;FR;IBIS*;Desenvolvido;1
MAG7C;MAGNIFICENT 7 CHF INDEX;MAG7C;CHF;ETF;CH;EBS*;Desenvolvido;1
MAGI8;MAGIC EUROPE 8 CHF INDEX;MAGI8;CHF;ETF;CH;EBS*;Desenvolvido;1
MCALL;ETP BX SWISS MC INDEX;MCALL;CHF;ETF;CH;EBS*;Desenvolvido;1
MD4X;AMUNDI MDAX UCITS ETF;MD4X;EUR;ETF;FR;FWB;Desenvolvido;1
MEU;AMUNDI MSCI EUROPE;MEUp;EUR;ETF;FR;BATEEN;Desenvolvido;1
MGT;AMN DJ GL TTN 50 UCITS ETF-D;MGT.PA;EUR;ETF;FR;TRWBEN;Desenvolvido;1
MIBA;AMNDI FTSE MIB UTS ETF D - A;MIBA.MI;EUR;ETF;FR;TRWBIT;Desenvolvido;1
MLUX;AMDI PEA LUX MONDE UCI ETF C;MLUX;EUR;ETF;FR;SBF*;Desenvolvido;1
MSE;AMUNDI EUROSTOXX 50;LYSX.DE;EUR;ETF;FR;TRWBDE;Desenvolvido;1
MTF.F1;MTF NON LINK FIXED INT GOV B;MTF.F1;ILS;ETF;IL;TASE*;Desenvolvido;1
MTF.F11;MTF SAL TEL BOND - CPI LNKD;MTF.F11;ILS;ETF;IL;TASE*;Desenvolvido;1
MTF.F12;MTF SAL TEL BOND YIELDS;MTF.F12;ILS;ETF;IL;TASE*;Desenvolvido;1
MTF.F13;MTF SAL TEL BOND - GLOBAL;MTF.F13;ILS;ETF;IL;TASE*;Desenvolvido;1
MTF.F15;MTF TEL BOND SHEKEL 50;MTF.F15;ILS;ETF;IL;TASE*;Desenvolvido;1
MTF.F16;MTF SAL TA-35;MTF.F16;ILS;ETF;IL;TASE*;Desenvolvido;1
MTF.F17;MTF SAL TA-90;MTF.F17;ILS;ETF;IL;TASE*;Desenvolvido;1
MTF.F18;MTF SAL TA TECH-ELITE;MTF.F18;ILS;ETF;IL;TASE*;Desenvolvido;1
MTF.F19;MTF SAL TA-125;MTF.F19;ILS;ETF;IL;TASE*;Desenvolvido;1
MTF.F2;MTF NON-LNK FIX INT GOV 2-5Y;MTF.F2;ILS;ETF;IL;TASE*;Desenvolvido;1
MTF.F22;MTF SAL 4D MDAX;MTF.F22;ILS;ETF;IL;TASE*;Desenvolvido;1
MTF.F23;MTF SAL 4D S&P 500;MTF.F23;ILS;ETF;IL;TASE*;Desenvolvido;1
MTF.F24;MTF S&P AEROSPACE & DEFENSE;MTF.F24;ILS;ETF;IL;TASE*;Desenvolvido;1
MTF.F25;MTF SAL 4D S&P CONS DISC;MTF.F25;ILS;ETF;IL;TASE*;Desenvolvido;1
MTF.F26;MTF SAL S&P CONSUMER STAPLES;MTF.F26;ILS;ETF;IL;TASE*;Desenvolvido;1
MTF.F27;MTF SAL 4D S&P FINANCIAL;MTF.F27;ILS;ETF;IL;TASE*;Desenvolvido;1
MTF.F28;MTF SAL 4D S&P HEALTH CARE;MTF.F28;ILS;ETF;IL;TASE*;Desenvolvido;1
MTF.F29;MTF SAL 4D S&P INDUSTRIAL;MTF.F29;ILS;ETF;IL;TASE*;Desenvolvido;1
MTF.F3;MTF SAL TEL BOND 20;MTF.F3;ILS;ETF;IL;TASE*;Desenvolvido;1
MTF.F30;MTF SAL 4D S&P TECHNOLOGY;MTF.F30;ILS;ETF;IL;TASE*;Desenvolvido;1
MTF.F31;MTF SAL STOXX EUROPE 600;MTF.F31;ILS;ETF;IL;TASE*;Desenvolvido;1
MTF.F32;MTF SAL STOXX EUR MID 200;MTF.F32;ILS;ETF;IL;TASE*;Desenvolvido;1
MTF.F33;MTF SAL RUSSELL 2000;MTF.F33;ILS;ETF;IL;TASE*;Desenvolvido;1
MTF.F34;MTF SAL MSCI EMERGING MRKTS;MTF.F34;ILS;ETF;IL;TASE*;Desenvolvido;1
MTF.F36;MTF SAL DAX 30 CURRENCY HDGD;MTF.F36;ILS;ETF;IL;TASE*;Desenvolvido;1
MTF.F37;MTF EUR STOXX DVD 30 CRNCY H;MTF.F37;ILS;ETF;IL;TASE*;Desenvolvido;1
MTF.F38;MTF MDAX CURRENCY HEDGED;MTF.F38;ILS;ETF;IL;TASE*;Desenvolvido;1
MTF.F39;MTF S&P AEROSPACE & DEF CHDG;MTF.F39;ILS;ETF;IL;TASE*;Desenvolvido;1
MTF.F4;MTF SAL TEL-BOND 60;MTF.F4;ILS;ETF;IL;TASE*;Desenvolvido;1
MTF.F40;MTF SAL STOXX EU 600 CRNCY H;MTF.F40;ILS;ETF;IL;TASE*;Desenvolvido;1
MTF.F41;MTF SAL STOXX EU MID 200 CHG;MTF.F41;ILS;ETF;IL;TASE*;Desenvolvido;1
MTF.F42;MTF S&P CONS DISCRET CRNCY H;MTF.F42;ILS;ETF;IL;TASE*;Desenvolvido;1
MTF.F43;MTF S&P CONSUMER STAP CNCY H;MTF.F43;ILS;ETF;IL;TASE*;Desenvolvido;1
MTF.F44;MTF S&P ENERGY CRNCY HEDGED;MTF.F44;ILS;ETF;IL;TASE*;Desenvolvido;1
MTF.F45;MTF S&P FINANCIAL CNCY HDGD;MTF.F45;ILS;ETF;IL;TASE*;Desenvolvido;1
MTF.F46;MTF S&P HEALTHCARE CRNCY HDG;MTF.F46;ILS;ETF;IL;TASE*;Desenvolvido;1
MTF.F47;MTF S&P INDUSTRIAL CRNCY HDG;MTF.F47;ILS;ETF;IL;TASE*;Desenvolvido;1
MTF.F48;MTF S&P TECHNOLOGY CRNCY HDG;MTF.F48;ILS;ETF;IL;TASE*;Desenvolvido;1
MTF.F49;MTF SAL S&P UTILITIES CHDG;MTF.F49;ILS;ETF;IL;TASE*;Desenvolvido;1
MTF.F5;MTF SAL TEL BOND SHEKEL;MTF.F5;ILS;ETF;IL;TASE*;Desenvolvido;1
MTF.F50;MTF SAL NIKKEI 225 CUR HDGED;MTF.F50;ILS;ETF;IL;TASE*;Desenvolvido;1
MTF.F51;MTF RUSSELL 2000 CRNCY HDGD;MTF.F51;ILS;ETF;IL;TASE*;Desenvolvido;1
MTF.F52;MTF SAL S&P 500 CRNCY HDGD;MTF.F52;ILS;ETF;IL;TASE*;Desenvolvido;1
MTF.F6;MTF CPI-LINKED GOV BOND 2-5Y;MTF.F6;ILS;ETF;IL;TASE*;Desenvolvido;1
MTF.F7;MTF SAL DAX 30;MTF.F7;ILS;ETF;IL;TASE*;Desenvolvido;1
MTF.F8;MTF NON-LNKED FX INT GOV 5+;MTF.F8;ILS;ETF;IL;TASE*;Desenvolvido;1
MTF.F9;MTF CPI-LNKD GOV BOND 5-10Y;MTF.F9;ILS;ETF;IL;TASE*;Desenvolvido;1
MTFF20;MTF SAL TEL-DIV;MTFF20;ILS;ETF;IL;TASE*;Desenvolvido;1
NK4G;LYXOR MSCI INDIA;NK4G;EUR;ETF;FR;GETTEX*;Desenvolvido;1
NRJ;AMUNDI MSCI NEW ENERGY ESG;LYM9.DE;EUR;ETF;FR;TRWBDE;Desenvolvido;1
NRJC;AMI MI NEY ESG SR UCTS ETF-A;NRJC.MI;EUR;ETF;FR;TRWBIT;Desenvolvido;1
OBLI;AMUNDI PEA EURO COURT TERME;OBLI;EUR;ETF;FR;SBF*;Desenvolvido;1
OBXD;DNB OBX;OBXD;NOK;ETF;NO;OSE*;Desenvolvido;1
OILCHA;UBS FUND SOLUTIONS CMCI OIL;OILCHA;CHF;ETF;CH;EBS*;Desenvolvido;1
OMSP1;ETP OBERMATT SWISS PEARLS;OMSP1;CHF;ETF;CH;EBS*;Desenvolvido;1
ONCC;LEONTEQ CHF O/N RATE ETP;ONCC;CHF;ETF;CH;IBIS*;Desenvolvido;1
OP6E;OSSIAM BBG APAC EXJP PNR EUR;OP6E;EUR;ETF;FR;SBF;Desenvolvido;1
OP8E;OSSIAM BBG CAN PAB UCITSEU;OP8E;EUR;ETF;FR;SBF;Desenvolvido;1
P500H;AMUNDI PEA SP500 ESG UCITS;P500H;EUR;ETF;FR;SBF*;Desenvolvido;1
PAASI;AMUNDI PEA MSCI EMERGING ASI;PAASI;EUR;ETF;FR;SBF*;Desenvolvido;1
PABV;AM MSCI WORLD PAB UMW ETF DR;PABV;EUR;ETF;FR;GETTEX;Desenvolvido;1
PAEEM;AMUNDI PEA MSCI EM ESG LEAD;PAEEM;EUR;ETF;FR;SBF*;Desenvolvido;1
PAEJ;AM P AP M AC AP EX JAP ETF-C;PAEJp;EUR;ETF;FR;BATEEN;Desenvolvido;1
PALAT;AMUNDI PEA MSCI EM ALAT ESG;PALAT.PA;EUR;ETF;FR;TRWBEN;Desenvolvido;1
PANX;AMUNDI PEA US TECH ESG UCITS;PANX;EUR;ETF;FR;SBF*;Desenvolvido;1
PASI;AMUNDI PEA MSCI CHINA ESG;PASI.PA;EUR;ETF;FR;TRWBEN;Desenvolvido;1
PCEU;AMUNDI PEA EUROPE UCITS ETF;PCEU.PA;EUR;ETF;FR;TRWBEN;Desenvolvido;1
PDJE;AMUNDI PEA S&P US INDUSTRIAL;PDJE;EUR;ETF;FR;SBF*;Desenvolvido;1
PE500;AMUNDI PEA S&P 500 ESG UCITS;PE500.PA;EUR;ETF;FR;TRWBEN;Desenvolvido;1
PINR;AM PEA INDE MS IND UCT ETF-E;PINR.PA;EUR;ETF;FR;TRWBEN;Desenvolvido;1
PLEM;AMUNDI PEA MSCI EMERGING EME;PLEM.PA;EUR;ETF;FR;TRWBEN;Desenvolvido;1
PMEH;AM P IM EU FTS EP/NA U ETF-C;PMEHp;EUR;ETF;FR;BATEEN;Desenvolvido;1
POLY;21SHARES POLYGON ETP;POLY;CHF;ETF;CH;EBS*;Desenvolvido;1
PSG.F1;PSAGOT ETF TANLVIGV;PSG.F1;ILS;ETF;IL;TASE*;Desenvolvido;1
PSG.F100;PSAGOT ETF FTSE CHN 50;PSG.F100;ILS;ETF;IL;TASE*;Desenvolvido;1
PSG.F101;PSAGOT ETF MSCI INDIA;PSG.F101;ILS;ETF;IL;TASE*;Desenvolvido;1
PSG.F102;PSAGOT ETF SP/ASX 200;PSG.F102;ILS;ETF;IL;TASE*;Desenvolvido;1
PSG.F103;PSAGOT ETF HANG SENG;PSG.F103;ILS;ETF;IL;TASE*;Desenvolvido;1
PSG.F104;PSAGOT ETF DAX BRIC USD;PSG.F104;ILS;ETF;IL;TASE*;Desenvolvido;1
PSG.F105;PSAGOT ETF MSCI WORLD;PSG.F105;ILS;ETF;IL;TASE*;Desenvolvido;1
PSG.F107;PSAGOT ETF MSCI EM;PSG.F107;ILS;ETF;IL;TASE*;Desenvolvido;1
PSG.F108;PSAGOT ETF SP EM LV;PSG.F108;ILS;ETF;IL;TASE*;Desenvolvido;1
PSG.F109;PSAGOT ETF BSTAR IL GLOB;PSG.F109;ILS;ETF;IL;TASE*;Desenvolvido;1
PSG.F110;PSAGOT ETF NIKKEI225 H;PSG.F110;ILS;ETF;IL;TASE*;Desenvolvido;1
PSG.F111;PSAGOT ETF NDX 100 H;PSG.F111;ILS;ETF;IL;TASE*;Desenvolvido;1
PSG.F113;PSAGOT ETF RUSSELL 2000 H;PSG.F113;ILS;ETF;IL;TASE*;Desenvolvido;1
PSG.F114;PSAGOT ETF STOXX 600 H;PSG.F114;ILS;ETF;IL;TASE*;Desenvolvido;1
PSG.F115;PSAGOT ETF NDX US BBACK H;PSG.F115;ILS;ETF;IL;TASE*;Desenvolvido;1
PSG.F116;PSAGOT ETF MDAX H;PSG.F116;ILS;ETF;IL;TASE*;Desenvolvido;1
PSG.F117;PSAGOT ETF FTSE250 H;PSG.F117;ILS;ETF;IL;TASE*;Desenvolvido;1
PSG.F118;PSAGOT ETF STOXX600 BANKS H;PSG.F118;ILS;ETF;IL;TASE*;Desenvolvido;1
PSG.F12;PSAGOT ETF TEL-B20;PSG.F12;ILS;ETF;IL;TASE*;Desenvolvido;1
PSG.F120;PSAGOT ETF DJ INTERNET H;PSG.F120;ILS;ETF;IL;TASE*;Desenvolvido;1
PSG.F121;PSAGOT ETF DJ US DIV H;PSG.F121;ILS;ETF;IL;TASE*;Desenvolvido;1
PSG.F124;PSAGOT ETF SP FINANCE H;PSG.F124;ILS;ETF;IL;TASE*;Desenvolvido;1
PSG.F126;IBI SAL 4A S&P HEALTH CC-HED;PSG.F126;ILS;ETF;IL;TASE*;Desenvolvido;1
PSG.F129;PSAGOT ETF BSTAR IL GLOB H;PSG.F129;ILS;ETF;IL;TASE*;Desenvolvido;1
PSG.F131;PSAGOT ETF EU STOXX50 H;PSG.F131;ILS;ETF;IL;TASE*;Desenvolvido;1
PSG.F132;PSAGOT ETF WT EU H;PSG.F132;ILS;ETF;IL;TASE*;Desenvolvido;1
PSG.F133;PSAGOT ETF WT GR H;PSG.F133;ILS;ETF;IL;TASE*;Desenvolvido;1
PSG.F134;PSAGOT ETF WT JPN DIV H;PSG.F134;ILS;ETF;IL;TASE*;Desenvolvido;1
PSG.F135;PSAGOT ETF SP 500 LVHD H;PSG.F135;ILS;ETF;IL;TASE*;Desenvolvido;1
PSG.F136;PSAGOT ETF MSCI ACWORLD H;PSG.F136;ILS;ETF;IL;TASE*;Desenvolvido;1
PSG.F137;PSAGOT ETF SP 500 H;PSG.F137;ILS;ETF;IL;TASE*;Desenvolvido;1
PSG.F138;PSAGOT ETF COMP BONDS +20;PSG.F138;ILS;ETF;IL;TASE*;Desenvolvido;1
PSG.F139;PSAGOT ETF COMP BONDS +10;PSG.F139;ILS;ETF;IL;TASE*;Desenvolvido;1
PSG.F140;PSAGOT ETF COMP CORP GOV;PSG.F140;ILS;ETF;IL;TASE*;Desenvolvido;1
PSG.F141;PSAGOT ETF COMP GOV BONDS;PSG.F141;ILS;ETF;IL;TASE*;Desenvolvido;1
PSG.F142;PSAGOT ETF COMP BONDS 95/5;PSG.F142;ILS;ETF;IL;TASE*;Desenvolvido;1
PSG.F143;PSAGOT ETF COMP BONDS 80/20;PSG.F143;ILS;ETF;IL;TASE*;Desenvolvido;1
PSG.F144;PSAGOT ETF COMP BONDS 90/10;PSG.F144;ILS;ETF;IL;TASE*;Desenvolvido;1
PSG.F145;PSAGOT ETF COMP GOV +10;PSG.F145;ILS;ETF;IL;TASE*;Desenvolvido;1
PSG.F146;PSAGOT ETF COMP BONDS;PSG.F146;ILS;ETF;IL;TASE*;Desenvolvido;1
PSG.F147;PSAGOT ETF COMP BONDS MIX;PSG.F147;ILS;ETF;IL;TASE*;Desenvolvido;1
PSG.F148;PSAGOT ETF COMP BONDS+DIV H;PSG.F148;ILS;ETF;IL;TASE*;Desenvolvido;1
PSG.F149;PSAGOT ETF COMP BONDS+BB H;PSG.F149;ILS;ETF;IL;TASE*;Desenvolvido;1
PSG.F15;PSAGOT ETF TEL-BCLS;PSG.F15;ILS;ETF;IL;TASE*;Desenvolvido;1
PSG.F150;PSAGOT ETF COMP BONDS H;PSG.F150;ILS;ETF;IL;TASE*;Desenvolvido;1
PSG.F151;PSAGOT ETF COMP CORP GLOB H;PSG.F151;ILS;ETF;IL;TASE*;Desenvolvido;1
PSG.F152;PSAGOT ETF COMP CORP +10 H;PSG.F152;ILS;ETF;IL;TASE*;Desenvolvido;1
PSG.F154;PSAGOT ETF COMP US SECTOR;PSG.F154;ILS;ETF;IL;TASE*;Desenvolvido;1
PSG.F155;PSAGOT ETF COMP US CONS;PSG.F155;ILS;ETF;IL;TASE*;Desenvolvido;1
PSG.F156;PSAGOT ETF COMP US SECTOR H;PSG.F156;ILS;ETF;IL;TASE*;Desenvolvido;1
PSG.F157;PSAGOT ETF COMP US CONS H;PSG.F157;ILS;ETF;IL;TASE*;Desenvolvido;1
PSG.F158;PSAGOT ETF COMP US FIN H;PSG.F158;ILS;ETF;IL;TASE*;Desenvolvido;1
PSG.F159;PSAGOT ETF COMP US FIN;PSG.F159;ILS;ETF;IL;TASE*;Desenvolvido;1
PSG.F17;PSAGOT ETF TEL-YLD;PSG.F17;ILS;ETF;IL;TASE*;Desenvolvido;1
PSG.F18;PSAGOT ETF TEL-BCLB;PSG.F18;ILS;ETF;IL;TASE*;Desenvolvido;1
PSG.F2;PSAGOT ETF TAR02FIG;PSG.F2;ILS;ETF;IL;TASE*;Desenvolvido;1
PSG.F20;PSAGOT ETF TEL-CP35;PSG.F20;ILS;ETF;IL;TASE*;Desenvolvido;1
PSG.F24;PSAGOT ETF TEL-BSH;PSG.F24;ILS;ETF;IL;TASE*;Desenvolvido;1
PSG.F25;PSAGOT ETF TEL-COMP;PSG.F25;ILS;ETF;IL;TASE*;Desenvolvido;1
PSG.F26;PSAGOT ETF TELB;PSG.F26;ILS;ETF;IL;TASE*;Desenvolvido;1
PSG.F27;PSAGOT ETF TEL-NIS;PSG.F27;ILS;ETF;IL;TASE*;Desenvolvido;1
PSG.F28;PSAGOT ETF TEL-B50;PSG.F28;ILS;ETF;IL;TASE*;Desenvolvido;1
PSG.F3;PSAGOT ETF TAR25FIG;PSG.F3;ILS;ETF;IL;TASE*;Desenvolvido;1
PSG.F30;PSAGOT ETF TEL-SH35;PSG.F30;ILS;ETF;IL;TASE*;Desenvolvido;1
PSG.F31;PSAGOT ETF TEL-S51;PSG.F31;ILS;ETF;IL;TASE*;Desenvolvido;1
PSG.F32;PSAGOT ETF TEL-BGLO;PSG.F32;ILS;ETF;IL;TASE*;Desenvolvido;1
PSG.F36;PSAGOT ETF TA-90;PSG.F36;ILS;ETF;IL;TASE*;Desenvolvido;1
PSG.F37;PSAGOT ETF TA-REAL ESTATE;PSG.F37;ILS;ETF;IL;TASE*;Desenvolvido;1
PSG.F38;PSAGOT ETF TA-GLOB-BLUETECH;PSG.F38;ILS;ETF;IL;TASE*;Desenvolvido;1
PSG.F39;PSAGOT ETF TEL-DIV;PSG.F39;ILS;ETF;IL;TASE*;Desenvolvido;1
PSG.F4;PSAGOT ETF TAR5FIG;PSG.F4;ILS;ETF;IL;TASE*;Desenvolvido;1
PSG.F40;PTF 4A TA-GROWTH;PSG.F40;ILS;ETF;IL;TASE*;Desenvolvido;1
PSG.F41;PSAGOT ETF TA-35;PSG.F41;ILS;ETF;IL;TASE*;Desenvolvido;1
PSG.F43;PSAGOT ETF TA-FINANCE;PSG.F43;ILS;ETF;IL;TASE*;Desenvolvido;1
PSG.F44;PSAGOT ETF TA-SME60;PSG.F44;ILS;ETF;IL;TASE*;Desenvolvido;1
PSG.F45;PSAGOT ETF TA-OIL & GAS;PSG.F45;ILS;ETF;IL;TASE*;Desenvolvido;1
PSG.F47;PSAGOT ETF TA-SECTOR-BALANCE;PSG.F47;ILS;ETF;IL;TASE*;Desenvolvido;1
PSG.F48;PSAGOT ETF DJ US DIV;PSG.F48;ILS;ETF;IL;TASE*;Desenvolvido;1
PSG.F49;PSAGOT ETF DB COMMODITIES;PSG.F49;ILS;ETF;IL;TASE*;Desenvolvido;1
PSG.F5;PSAGOT ETF TASHTTB;PSG.F5;ILS;ETF;IL;TASE*;Desenvolvido;1
PSG.F50;PSAGOT ETF WILDERHILL ECO;PSG.F50;ILS;ETF;IL;TASE*;Desenvolvido;1
PSG.F51;PSAGOT ETF EU STOXX DIV30;PSG.F51;ILS;ETF;IL;TASE*;Desenvolvido;1
PSG.F52;PSAGOT ETF ?RE EPRA EU;PSG.F52;ILS;ETF;IL;TASE*;Desenvolvido;1
PSG.F53;PSAGOT ETF EU STOXX50;PSG.F53;ILS;ETF;IL;TASE*;Desenvolvido;1
PSG.F54;PSAGOT ETF DAX 30;PSG.F54;ILS;ETF;IL;TASE*;Desenvolvido;1
PSG.F55;PSAGOT ETF DJ US RE;PSG.F55;ILS;ETF;IL;TASE*;Desenvolvido;1
PSG.F56;PSAGOT ETF FTSE 100;PSG.F56;ILS;ETF;IL;TASE*;Desenvolvido;1
PSG.F57;PSAGOT ETF ?NORDIC DIV;PSG.F57;ILS;ETF;IL;TASE*;Desenvolvido;1
PSG.F58;PSAGOT ETF DJ GR DIV20;PSG.F58;ILS;ETF;IL;TASE*;Desenvolvido;1
PSG.F59;PSAGOT ETF CAC 40;PSG.F59;ILS;ETF;IL;TASE*;Desenvolvido;1
PSG.F60;PSAGOT ETF RUSSELL 2000;PSG.F60;ILS;ETF;IL;TASE*;Desenvolvido;1
PSG.F64;PSAGOT ETF NDX 100;PSG.F64;ILS;ETF;IL;TASE*;Desenvolvido;1
PSG.F66;PSAGOT ETF DJ INDUSTRIAL;PSG.F66;ILS;ETF;IL;TASE*;Desenvolvido;1
PSG.F67;PSAGOT ETF STOXX 600;PSG.F67;ILS;ETF;IL;TASE*;Desenvolvido;1
PSG.F68;PSAGOT ETF SP HEALTHCARE;PSG.F68;ILS;ETF;IL;TASE*;Desenvolvido;1
PSG.F69;PSAGOT ETF NDX US BBACK;PSG.F69;ILS;ETF;IL;TASE*;Desenvolvido;1
PSG.F7;PSAGOT ETF TAR02GV;PSG.F7;ILS;ETF;IL;TASE*;Desenvolvido;1
PSG.F70;PSAGOT ETF SP RETAIL;PSG.F70;ILS;ETF;IL;TASE*;Desenvolvido;1
PSG.F71;PSAGOT ETF SP TECH;PSG.F71;ILS;ETF;IL;TASE*;Desenvolvido;1
PSG.F73;PSAGOT ETF SP ENERGY;PSG.F73;ILS;ETF;IL;TASE*;Desenvolvido;1
PSG.F74;PSAGOT ETF SP FINANCE;PSG.F74;ILS;ETF;IL;TASE*;Desenvolvido;1
PSG.F75;PSAGOT ETF STOXX600 BANKS;PSG.F75;ILS;ETF;IL;TASE*;Desenvolvido;1
PSG.F76;PSAGOT ETF BB US CRDT;PSG.F76;ILS;ETF;IL;TASE*;Desenvolvido;1
PSG.F77;PSAGOT ETF SP 1500 MOMENT;PSG.F77;ILS;ETF;IL;TASE*;Desenvolvido;1
PSG.F78;PSAGOT ETF SP RBANKS;PSG.F78;ILS;ETF;IL;TASE*;Desenvolvido;1
PSG.F8;PSAGOT ETF TAR25GV;PSG.F8;ILS;ETF;IL;TASE*;Desenvolvido;1
PSG.F81;PSAGOT ETF SP CONS DISCRET;PSG.F81;ILS;ETF;IL;TASE*;Desenvolvido;1
PSG.F82;PSAGOT ETF IBOXX USD IG0-5 H;PSG.F82;ILS;ETF;IL;TASE*;Desenvolvido;1
PSG.F83;PSAGOT ETF BB USCRDT1-3 H;PSG.F83;ILS;ETF;IL;TASE*;Desenvolvido;1
PSG.F85;PSAGOT ETF BB USCRDT5-10 H;PSG.F85;ILS;ETF;IL;TASE*;Desenvolvido;1
PSG.F86;PSAGOT ETF BB INTERCRDT H;PSG.F86;ILS;ETF;IL;TASE*;Desenvolvido;1
PSG.F89;PSAGOT ETF SP PHARMA;PSG.F89;ILS;ETF;IL;TASE*;Desenvolvido;1
PSG.F9;PSAGOT ETF TAR510GV;PSG.F9;ILS;ETF;IL;TASE*;Desenvolvido;1
PSG.F90;PSAGOT ETF SP 500 LVHD;PSG.F90;ILS;ETF;IL;TASE*;Desenvolvido;1
PSG.F91;PSAGOT ETF DJ OIL&GAS;PSG.F91;ILS;ETF;IL;TASE*;Desenvolvido;1
PSG.F92;PSAGOT ETF NIKKEI225;PSG.F92;ILS;ETF;IL;TASE*;Desenvolvido;1
PSG.F93;PSAGOT ETF MSCI EAFE;PSG.F93;ILS;ETF;IL;TASE*;Desenvolvido;1
PSG.F95;PSAGOT ETF DJ ASIA DIV30;PSG.F95;ILS;ETF;IL;TASE*;Desenvolvido;1
PSG.F96;PSAGOT ETF DJ CA DIV;PSG.F96;ILS;ETF;IL;TASE*;Desenvolvido;1
PSG.F97;PSAGOT ETF DJ AU DIV30;PSG.F97;ILS;ETF;IL;TASE*;Desenvolvido;1
PSG.F98;PSAGOT ETF STOXX GLOBDIV;PSG.F98;ILS;ETF;IL;TASE*;Desenvolvido;1
PSG.F99;PSAGOT ETF IBOVESPA;PSG.F99;ILS;ETF;IL;TASE*;Desenvolvido;1
PSG.FK2;PSAGOT ETF KO TEL-YLD;PSG.FK2;ILS;ETF;IL;TASE*;Desenvolvido;1
PSG.FK3;PSAGOT ETF KO TEL-BSH;PSG.FK3;ILS;ETF;IL;TASE*;Desenvolvido;1
PSG.FK5;PSAGOT ETF KO TA-SME60;PSG.FK5;ILS;ETF;IL;TASE*;Desenvolvido;1
PSGF19;KSM.TEL-CP1-3IL;PSGF19;ILS;ETF;IL;TASE*;Desenvolvido;1
PSP5;AMN PEA S&P 500 UCTS ETF-CAP;PSP5p;EUR;ETF;FR;AQEUEN;Desenvolvido;1
PSPH;AM PEA S&P 500 U ETF-D HDG E;PSPHp;EUR;ETF;FR;DXEEN;Desenvolvido;1
PTPXE;AMUNDI PEA TOPIX UCITS ETF;PTPXE;EUR;ETF;FR;SBF*;Desenvolvido;1
PTPXH;AMUNDI PEA TOPIX H UCITS ETF;PTPXH.PA;EUR;ETF;FR;TRWBEN;Desenvolvido;1
PTUSA;UBS ETF PLATINUM;PTCHAz;CHF;ETF;CH;TRQXCH;Desenvolvido;1
PUST;AM PEA NASDQ-100 UCITS ETF-C;PUST;EUR;ETF;FR;SBF*;Desenvolvido;1
RGLDO;RAIF ETF SLD GLD OUNCES ACHF;RGLOZz;CHF;ETF;CH;CHIXCH;Desenvolvido;1
RGRT;RAIFFEISEN GOLD RSPNS TRCBL;RGRT;CHF;ETF;CH;EBS*;Desenvolvido;1
RGRTH;RAIFFEISEN GOLD R&T H CHFH;RGRTH;CHF;ETF;CH;EBS*;Desenvolvido;1
SHC;AMUND CAC 40 DAILY -1X INVER;SHC;EUR;ETF;FR;SBF*;Desenvolvido;1
SLICHA;UBS ETF SLI;SLICHA;CHF;ETF;CH;EBS*;Desenvolvido;1
SMICHA;UBS ETF SMI;SMICHA;CHF;ETF;CH;EBS*;Desenvolvido;1
SMMCHA;UBS ETF SMIM;SMMAZz;CHF;ETF;CH;BATECH;Desenvolvido;1
SOLF;FIGMENT SOLANA PLUS SR ETP;SOLF;CHF;ETF;CH;EBS*;Desenvolvido;1
SPICHA;UBS ETF SPI;SPICZz;CHF;ETF;CH;AQXECH;Desenvolvido;1
SPISI;UBS ETF SPI ESGW;SPISIz;CHF;ETF;CH;BATECH;Desenvolvido;1
SPMCHA;UBS ETF SPI MID;SPMCZz;CHF;ETF;CH;BATECH;Desenvolvido;1
SRECHA;UBS ETF SXI REAL ESTATE FU.;SRECHA;CHF;ETF;CH;EBS*;Desenvolvido;1
SRFCHA;UBS ETF SXI REAL ESTATE;SRFCHA;CHF;ETF;CH;EBS*;Desenvolvido;1
SWICHA;UBS ETF MSCI SWITZERLAND;SWICHA.S;CHF;ETF;CH;TRWBCH;Desenvolvido;1
TCH.F1;TACHLIT SAL 40 TA 35;TCH.F1;ILS;ETF;IL;TASE*;Desenvolvido;1
TCH.F10;TACHLIT SAL 00 TEL BOND 20;TCH.F10;ILS;ETF;IL;TASE*;Desenvolvido;1
TCH.F100;TACHLIT SAL STOXX EUROPE 600;TCH.F100;ILS;ETF;IL;TASE*;Desenvolvido;1
TCH.F101;TACHLIT SAL STX EU 600 EU HG;TCH.F101;ILS;ETF;IL;TASE*;Desenvolvido;1
TCH.F102;TACHLIT SAL MSCI WRLD US HDG;TCH.F102;ILS;ETF;IL;TASE*;Desenvolvido;1
TCH.F103;TACHLIT STOXX 600 BANKS NTR;TCH.F103;ILS;ETF;IL;TASE*;Desenvolvido;1
TCH.F104;TACHLIT SAL TEL BOND-COMP;TCH.F104;ILS;ETF;IL;TASE*;Desenvolvido;1
TCH.F105;TACHLIT CMPST 3 WRLD EQY 40A;TCH.F105;ILS;ETF;IL;TASE*;Desenvolvido;1
TCH.F106;TACHLIT CMPST EURP EQY 40A;TCH.F106;ILS;ETF;IL;TASE*;Desenvolvido;1
TCH.F107;TACHLIT SP MSCI NTR NIS 40A;TCH.F107;ILS;ETF;IL;TASE*;Desenvolvido;1
TCH.F108;TACHLIT FR CAC40 NTR NIS 40A;TCH.F108;ILS;ETF;IL;TASE*;Desenvolvido;1
TCH.F11;TACHLIT SAL S&P 500 CUR HDGD;TCH.F11;ILS;ETF;IL;TASE*;Desenvolvido;1
TCH.F110;TACH SAL TEL BOND FLOATING;TCH.F110;ILS;ETF;IL;TASE*;Desenvolvido;1
TCH.F111;TACH SAL GOV CORP BND TEL DV;TCH.F111;ILS;ETF;IL;TASE*;Desenvolvido;1
TCH.F112;TACHLIT SAL CORP 80 EQU 20;TCH.F112;ILS;ETF;IL;TASE*;Desenvolvido;1
TCH.F113;TACHLIT SAL DAX 30;TCH.F113;ILS;ETF;IL;TASE*;Desenvolvido;1
TCH.F114;TACHLIT INDIA S&P NIFTY 4DA;TCH.F114;ILS;ETF;IL;TASE*;Desenvolvido;1
TCH.F118;TACHLIT SAL 40 TA FINANCE;TCH.F118;ILS;ETF;IL;TASE*;Desenvolvido;1
TCH.F12;TACHLIT SAL 4A DAX 30 CRNCYH;TCH.F12;ILS;ETF;IL;TASE*;Desenvolvido;1
TCH.F120;TACHLIT SAL 60 SHORT TA 35;TCH.F120;ILS;ETF;IL;TASE*;Desenvolvido;1
TCH.F123;TACH SAL 40 COMP BOND TA MTH;TCH.F123;ILS;ETF;IL;TASE*;Desenvolvido;1
TCH.F124;TACHLIT SAL MSCI AC WORLD;TCH.F124;ILS;ETF;IL;TASE*;Desenvolvido;1
TCH.F125;TACHLIT RUSSIA RDXUSD 4DA;TCH.F125;ILS;ETF;IL;TASE*;Desenvolvido;1
TCH.F127;TACHLIT CMP5 ISRL EQ100 40A;TCH.F127;ILS;ETF;IL;TASE*;Desenvolvido;1
TCH.F128;TACHLIT SAL MSCI EM;TCH.F128;ILS;ETF;IL;TASE*;Desenvolvido;1
TCH.F129;TACHLIT SAL NIKKEI 225 CHDG;TCH.F129;ILS;ETF;IL;TASE*;Desenvolvido;1
TCH.F13;TACH GOV BND 90 TEL DIV 10 M;TCH.F13;ILS;ETF;IL;TASE*;Desenvolvido;1
TCH.F130;TACHLIT AU S&P ASX 200 4DA;TCH.F130;ILS;ETF;IL;TASE*;Desenvolvido;1
TCH.F131;TACHLIT SAL RUSSELL 2000;TCH.F131;ILS;ETF;IL;TASE*;Desenvolvido;1
TCH.F132;TACH SAL FIX INT 60 CPI GV40;TCH.F132;ILS;ETF;IL;TASE*;Desenvolvido;1
TCH.F133;TACH CPI GOV 60 FIX INT 40;TCH.F133;ILS;ETF;IL;TASE*;Desenvolvido;1
TCH.F134;TACHLIT CMP3 FRGN EQ 4DA;TCH.F134;ILS;ETF;IL;TASE*;Desenvolvido;1
TCH.F135;TACHLIT COMPOSITE 3 TA-90 33;TCH.F135;ILS;ETF;IL;TASE*;Desenvolvido;1
TCH.F136;TACHLIT SAL TA OIL & GAS;TCH.F136;ILS;ETF;IL;TASE*;Desenvolvido;1
TCH.F137;TACHLIT SAL 40 TA BIOMED;TCH.F137;ILS;ETF;IL;TASE*;Desenvolvido;1
TCH.F138;TACHLIT SAL TEL BOND CPI BNK;TCH.F138;ILS;ETF;IL;TASE*;Desenvolvido;1
TCH.F139;TACHLIT TA-125 SERIES 2 40A;TCH.F139;ILS;ETF;IL;TASE*;Desenvolvido;1
TCH.F14;TACHLIT SAL 00 NON LNK GOV B;TCH.F14;ILS;ETF;IL;TASE*;Desenvolvido;1
TCH.F140;TCHLT FNC USA S&P IXMNTR 40A;TCH.F140;ILS;ETF;IL;TASE*;Desenvolvido;1
TCH.F141;TACHLIT FTSE 250 MIDCAP ILS;TCH.F141;ILS;ETF;IL;TASE*;Desenvolvido;1
TCH.F142;TACHLIT NASDAQ BIOTHECH ILS;TCH.F142;ILS;ETF;IL;TASE*;Desenvolvido;1
TCH.F143;TACHLIT GOLDEN DRAGON ILS;TCH.F143;ILS;ETF;IL;TASE*;Desenvolvido;1
TCH.F144;TACHLIT S&P HY DIV ARISTOCRT;TCH.F144;ILS;ETF;IL;TASE*;Desenvolvido;1
TCH.F145;TACHLIT S&P UK HY DIV ARISTO;TCH.F145;ILS;ETF;IL;TASE*;Desenvolvido;1
TCH.F146;TACHLIT S&P 500 DVD ARISTO;TCH.F146;ILS;ETF;IL;TASE*;Desenvolvido;1
TCH.F147;TACHLIT S&P DIV ARISTOCRAT;TCH.F147;ILS;ETF;IL;TASE*;Desenvolvido;1
TCH.F148;TACHLIT COMP DIV ARISTOCRAT;TCH.F148;ILS;ETF;IL;TASE*;Desenvolvido;1
TCH.F149;TACHLIT SAL IBOXX US LIQ IG;TCH.F149;ILS;ETF;IL;TASE*;Desenvolvido;1
TCH.F150;TACHLIT IPOX 100 US ILS 40A;TCH.F150;ILS;ETF;IL;TASE*;Desenvolvido;1
TCH.F151;TACHLIT S&P MIDCAP 400 ILS;TCH.F151;ILS;ETF;IL;TASE*;Desenvolvido;1
TCH.F153;TACHLIT SAL 4D TECDAX;TCH.F153;ILS;ETF;IL;TASE*;Desenvolvido;1
TCH.F16;TACHLIT COMP GOV BOND FOR EQ;TCH.F16;ILS;ETF;IL;TASE*;Desenvolvido;1
TCH.F18;TACH COMP GOV BD 80 TA125 80;TCH.F18;ILS;ETF;IL;TASE*;Desenvolvido;1
TCH.F19;TACH COMP GOV 85 EQUITY 15;TCH.F19;ILS;ETF;IL;TASE*;Desenvolvido;1
TCH.F2;TACHLIT TA 125;TCH.F2;ILS;ETF;IL;TASE*;Desenvolvido;1
TCH.F20;TACHLIT SAL 40 TEL DIV;TCH.F20;ILS;ETF;IL;TASE*;Desenvolvido;1
TCH.F21;TACHLIT SAL SME60;TCH.F21;ILS;ETF;IL;TASE*;Desenvolvido;1
TCH.F22;TACH COMP GV BD 80 COR BD 20;TCH.F22;ILS;ETF;IL;TASE*;Desenvolvido;1
TCH.F23;TACHLIT COMPOSITE 5 LOCAL E;TCH.F23;ILS;ETF;IL;TASE*;Desenvolvido;1
TCH.F24;TACHLIT 00 NON LNK FLOAT GOV;TCH.F24;ILS;ETF;IL;TASE*;Desenvolvido;1
TCH.F25;TACHLIT CPI LNK GOV BOND 2-5;TCH.F25;ILS;ETF;IL;TASE*;Desenvolvido;1
TCH.F26;TACHLIT SAL 00 TEL BOND 40;TCH.F26;ILS;ETF;IL;TASE*;Desenvolvido;1
TCH.F27;TACHLIT SAL TEL BOND 60;TCH.F27;ILS;ETF;IL;TASE*;Desenvolvido;1
TCH.F28;TCHLT KOREA KOSPI200 ILS 40A;TCH.F28;ILS;ETF;IL;TASE*;Desenvolvido;1
TCH.F29;TACHLIT FTSE 100 ILS 40A;TCH.F29;ILS;ETF;IL;TASE*;Desenvolvido;1
TCH.F3;TACHLIT INDEX ISRAEL BANKS;TCH.F3;ILS;ETF;IL;TASE*;Desenvolvido;1
TCH.F30;TACHLIT NON LNK FIX INT GOV;TCH.F30;ILS;ETF;IL;TASE*;Desenvolvido;1
TCH.F31;TACHLIT NON-LINKED G BD 2-5Y;TCH.F31;ILS;ETF;IL;TASE*;Desenvolvido;1
TCH.F32;TACHLIT NON LNK FIX INT GOV5;TCH.F32;ILS;ETF;IL;TASE*;Desenvolvido;1
TCH.F33;TACHLIT SAL 00 CPI GV B 5-10;TCH.F33;ILS;ETF;IL;TASE*;Desenvolvido;1
TCH.F34;TACHLIT SAL TEL BOND SHEKEL;TCH.F34;ILS;ETF;IL;TASE*;Desenvolvido;1
TCH.F35;TACH GV BD50 CRP BD50 MNTHLY;TCH.F35;ILS;ETF;IL;TASE*;Desenvolvido;1
TCH.F36;TACH COMP GOV/CORP88 TA12 MN;TCH.F36;ILS;ETF;IL;TASE*;Desenvolvido;1
TCH.F38;TACH COMP GOV BD85 EQ15 MNTH;TCH.F38;ILS;ETF;IL;TASE*;Desenvolvido;1
TCH.F39;TACHLIT SAL RUSSELL 2000 CHG;TCH.F39;ILS;ETF;IL;TASE*;Desenvolvido;1
TCH.F4;TACHLIT SAL NASDAQ 100 CHDG;TCH.F4;ILS;ETF;IL;TASE*;Desenvolvido;1
TCH.F40;TACHLIT CMP3 FRGN EQ ILS 40A;TCH.F40;ILS;ETF;IL;TASE*;Desenvolvido;1
TCH.F41;TACHLIT SAL TEL BOND YIELDS;TCH.F41;ILS;ETF;IL;TASE*;Desenvolvido;1
TCH.F43;TACHLIT SAL S&P REGIONAL BNK;TCH.F43;ILS;ETF;IL;TASE*;Desenvolvido;1
TCH.F44;TACHLIT GERMANY MIDCAP MDAX;TCH.F44;ILS;ETF;IL;TASE*;Desenvolvido;1
TCH.F45;TACHLIT US BUYBACK ILS 40A;TCH.F45;ILS;ETF;IL;TASE*;Desenvolvido;1
TCH.F46;TACHLIT GE M-CP MDAX ILS 40A;TCH.F46;ILS;ETF;IL;TASE*;Desenvolvido;1
TCH.F48;TACHLIT COMP3 LARGECAP DEV;TCH.F48;ILS;ETF;IL;TASE*;Desenvolvido;1
TCH.F49;TCHLT S&P HLTH NTR ILS 40A;TCH.F49;ILS;ETF;IL;TASE*;Desenvolvido;1
TCH.F5;TACHLIT CHINA HSCEI ILS 40A;TCH.F5;ILS;ETF;IL;TASE*;Desenvolvido;1
TCH.F50;TACHLIT SAL S&P FINANCIAL;TCH.F50;ILS;ETF;IL;TASE*;Desenvolvido;1
TCH.F51;TCHLT S&P INDST NTR ILS 40A;TCH.F51;ILS;ETF;IL;TASE*;Desenvolvido;1
TCH.F52;TACHLIT CMP CONS US 100% NTR;TCH.F52;ILS;ETF;IL;TASE*;Desenvolvido;1
TCH.F53;TACHLIT CMPST HLT-CR BIO-TC;TCH.F53;ILS;ETF;IL;TASE*;Desenvolvido;1
TCH.F54;TACHLIT SAL S&P TRANSPORT;TCH.F54;ILS;ETF;IL;TASE*;Desenvolvido;1
TCH.F55;TACHLIT SAL S&P CONSUMER DIS;TCH.F55;ILS;ETF;IL;TASE*;Desenvolvido;1
TCH.F56;TACHLIT S&P TECH SECTOR NTR;TCH.F56;ILS;ETF;IL;TASE*;Desenvolvido;1
TCH.F57;TACHLIT SAL S&P CONS STAPLES;TCH.F57;ILS;ETF;IL;TASE*;Desenvolvido;1
TCH.F58;TACHLIT SAL S&P HEALTH CARE;TCH.F58;ILS;ETF;IL;TASE*;Desenvolvido;1
TCH.F63;TACHLIT SAL ISE CYBER SEC;TCH.F63;ILS;ETF;IL;TASE*;Desenvolvido;1
TCH.F64;TACHLIT SAL TEL BND YLD NIS;TCH.F64;ILS;ETF;IL;TASE*;Desenvolvido;1
TCH.F65;TACHLIT SAL S&P ENERGY;TCH.F65;ILS;ETF;IL;TASE*;Desenvolvido;1
TCH.F66;TACHLIT S&P 500 LOW VOL HI D;TCH.F66;ILS;ETF;IL;TASE*;Desenvolvido;1
TCH.F67;TACHLIT S&P 500 LOW VOL HG D;TCH.F67;ILS;ETF;IL;TASE*;Desenvolvido;1
TCH.F68;TACHLIT S&P LOW VOLATILITY;TCH.F68;ILS;ETF;IL;TASE*;Desenvolvido;1
TCH.F69;TACHLIT SAL S&P AER0 & DFNSE;TCH.F69;ILS;ETF;IL;TASE*;Desenvolvido;1
TCH.F7;TACHLIT SAL EU STOXX 50 CHDG;TCH.F7;ILS;ETF;IL;TASE*;Desenvolvido;1
TCH.F70;TACHLIT SAL S&P INDUSTRIAL;TCH.F70;ILS;ETF;IL;TASE*;Desenvolvido;1
TCH.F71;TACHLIT MSCI AC WORLD USD HG;TCH.F71;ILS;ETF;IL;TASE*;Desenvolvido;1
TCH.F75;TACHLIT SAL 00 TEL BOND GL;TCH.F75;ILS;ETF;IL;TASE*;Desenvolvido;1
TCH.F76;TACHLIT SAL S&P 500;TCH.F76;ILS;ETF;IL;TASE*;Desenvolvido;1
TCH.F77;TACHLIT SAL NASDAQ 100;TCH.F77;ILS;ETF;IL;TASE*;Desenvolvido;1
TCH.F78;TACHLIT SAL 4D NIKKEI 225;TCH.F78;ILS;ETF;IL;TASE*;Desenvolvido;1
TCH.F79;TACHLIT SAL EUR STOXX 50;TCH.F79;ILS;ETF;IL;TASE*;Desenvolvido;1
TCH.F8;TACH COMP GOV75 TA25 MONTHLY;TCH.F8;ILS;ETF;IL;TASE*;Desenvolvido;1
TCH.F80;TACHLIT SAL NASDAQ BIOTECH;TCH.F80;ILS;ETF;IL;TASE*;Desenvolvido;1
TCH.F81;TACHLIT FUTR BBG BRENT CRUDE;TCH.F81;ILS;ETF;IL;TASE*;Desenvolvido;1
TCH.F82;TACHLIT FUTURE BBG SILVER;TCH.F82;ILS;ETF;IL;TASE*;Desenvolvido;1
TCH.F83;TACHLIT SAL 40 TA REAL EST;TCH.F83;ILS;ETF;IL;TASE*;Desenvolvido;1
TCH.F84;TACHLIT DAX GLB BRIC ILS 40A;TCH.F84;ILS;ETF;IL;TASE*;Desenvolvido;1
TCH.F85;TACHLIT SAL 40 TA GROWTH;TCH.F85;ILS;ETF;IL;TASE*;Desenvolvido;1
TCH.F86;TACHLIT CANADA S&P60 ILS 40A;TCH.F86;ILS;ETF;IL;TASE*;Desenvolvido;1
TCH.F87;TACH CPI LNK GOV BND 0-2Y;TCH.F87;ILS;ETF;IL;TASE*;Desenvolvido;1
TCH.F88;TACH NON LNK FI GOV BD 0-2Y;TCH.F88;ILS;ETF;IL;TASE*;Desenvolvido;1
TCH.F89;TACHLIT KOREA KOSPI 200 4DA;TCH.F89;ILS;ETF;IL;TASE*;Desenvolvido;1
TCH.F9;TACHLIT SAL 40 TA 90;TCH.F9;ILS;ETF;IL;TASE*;Desenvolvido;1
TCH.F90;TACHLIT BRAZIL IBOV GTR 4DA;TCH.F90;ILS;ETF;IL;TASE*;Desenvolvido;1
TCH.F91;TACHLIT SHRT TERM TRSRY BILL;TCH.F91;ILS;ETF;IL;TASE*;Desenvolvido;1
TCH.F93;TACH 60 LVRG X2 TA 35 MNTH;TCH.F93;ILS;ETF;IL;TASE*;Desenvolvido;1
TCH.F94;TACHLIT SAL LBMA GOLD PRC AM;TCH.F94;ILS;ETF;IL;TASE*;Desenvolvido;1
TCH.F95;TACHLIT COMP GOV B70 CP B30;TCH.F95;ILS;ETF;IL;TASE*;Desenvolvido;1
TCH.F97;TACH SAL TEL BOND CPI LNK SC;TCH.F97;ILS;ETF;IL;TASE*;Desenvolvido;1
TCH.F98;TACH LG LEV X3 TA35 MONTHLY;TCH.F98;ILS;ETF;IL;TASE*;Desenvolvido;1
TCH.F99;TACH SHRT LEV X2 TA 35 MONTH;TCH.F99;ILS;ETF;IL;TASE*;Desenvolvido;1
TCH.FK1;TACHLIT SAL KOSHER TEL BND Y;TCH.FK1;ILS;ETF;IL;TASE*;Desenvolvido;1
TCH.FK2;TACH KOSHER TEL BD-CPI SMCAP;TCH.FK2;ILS;ETF;IL;TASE*;Desenvolvido;1
TCH.FK3;TACHLIT KOSHER TEL BOND-SHE;TCH.FK3;ILS;ETF;IL;TASE*;Desenvolvido;1
TCH.FK4;TACHLIT 40 KOSHER TA 125;TCH.FK4;ILS;ETF;IL;TASE*;Desenvolvido;1
UNIC;AMUNDI MSCI DISRUPT TECH ESG;UNIC;EUR;ETF;FR;SBF*;Desenvolvido;1
USVE;AMUNDI PEA MSCI USA VALUE;USVE;EUR;ETF;FR;SBF*;Desenvolvido;1
VIR10SEK;VIRTNE CRYP TP 10 INDX SEK;VIR10SEK;SEK;ETF;SE;SFB*;Desenvolvido;1
VIRADA;VIRTUNE STAKED CARDANO ETP;VIRADA;SEK;ETF;SE;SFB*;Desenvolvido;1
VIRALT;VIRTUNE CRYPTO ALTCOIN INDEX;VIRALT;SEK;ETF;SE;SFB*;Desenvolvido;1
VIRARB;VIRTUNE ARBITRUM ETP;VIRARB;SEK;ETF;SE;SFB*;Desenvolvido;1
VIRAVAX;VIRTUNE AVALANCHE ETP;VIRAVAX;SEK;ETF;SE;SFB*;Desenvolvido;1
VIRBTC;VIRTUNE BITCOIN ETP;VIRBTC;SEK;ETF;SE;SFB*;Desenvolvido;1
VIRDOT;VIRTUNE STAKED POLKADOT ETP;VIRDOT;SEK;ETF;SE;SFB*;Desenvolvido;1
VIRLINK;VIRTUNE CHAINLINK ETP;VIRLINK;SEK;ETF;SE;SFB*;Desenvolvido;1
VIRPOLY;VIRTUNE POLYGON ETP;VIRPOLY;SEK;ETF;SE;SFB*;Desenvolvido;1
VIRSETHS;VIRTUNE STAKED ETHEREUM ETP;VIRSETHS;SEK;ETF;SE;SFB*;Desenvolvido;1
VIRSOL;VIRTUNE STAKED SOLANA ETP;VIRSOL;SEK;ETF;SE;SFB*;Desenvolvido;1
VIRXRP;VIRTUNE XRP ETP;VIRXRP;SEK;ETF;SE;SFB*;Desenvolvido;1
VITAC;LONGEVITY CHF ETP;VITAC;CHF;ETF;CH;EBS*;Desenvolvido;1
WAT;AMUND MSCI WATER ESG SCREEN;WATp;EUR;ETF;FR;TGHEEN;Desenvolvido;1
WATC;LYXOR MSCI WATER ESG DR-ACC;WATC.MI;EUR;ETF;FR;TRWBIT;Desenvolvido;1
WLD;AMUNDI MSCI WORLD;WLDp;EUR;ETF;FR;BATEEN;Desenvolvido;1
WLDC;AMDI MSCI WLD II UCITS ETF-A;WLDCp;EUR;ETF;FR;DXEEN;Desenvolvido;1
WLDH;AMI MSCI WDIIUCITS ETF-EHEGD;WLDHp;EUR;ETF;FR;CHIXEN;Desenvolvido;1
WLDHC;AMI MSCI WDIIUCITS ETF-EHEGA;WLDHC.PA;EUR;ETF;FR;TRWBEN;Desenvolvido;1
WLDX;AMUNDI MSCI WORLD EX EMU SRI;WLDX.MI;EUR;ETF;FR;TRWBIT;Desenvolvido;1
XACTBEAR;XACT BEAR;XACT BEAR;SEK;ETF;SE;SFB*;Desenvolvido;1
XACTBEAR2;XACT BEAR 2;XACT BEAR 2;SEK;ETF;SE;SFB*;Desenvolvido;1
XACTBULL;XACT BULL;XACT BULL;SEK;ETF;SE;SFB*;Desenvolvido;1
XACTBULL2;XACT BULL 2;XACT BULL 2;SEK;ETF;SE;SFB*;Desenvolvido;1
XACTHDIV;XACT NORDIC HIDIV LOVOL ETF;XACTHDIV.ST;SEK;ETF;SE;TRWBSE;Desenvolvido;1
XACTNORDE;XACT NORDEN;XACT NORDEN 30;SEK;ETF;SE;SFB*;Desenvolvido;1
XACTOBLIG;XACT OBLIGATION UCITS ETF;XACT Obligation;SEK;ETF;SE;SFB*;Desenvolvido;1
XACTOMXS3;XACT OMXS30 ESG UCITS ETF;XACTOMXS30.ST;SEK;ETF;SE;TRWBSE;Desenvolvido;1
XACTOMXSB;XACT SVERIGE UCITS ETF;XACT OMXSB;SEK;ETF;SE;SFB*;Desenvolvido;1
XACTSMABO;XACT SVENSKA SMABOLAG UCITS;XACT Smabolag;SEK;ETF;SE;SFB*;Desenvolvido;1
XBRMIB;AMUND FTSE MIB D2X INV;XBRMIB;EUR;ETF;FR;BVME.ETF*;Desenvolvido;1
ZGLD;ZKB GOLD ETF AA CHF;ZGLDz;CHF;ETF;CH;BATECH;Desenvolvido;1
ZGLDHC;ZKB GOLD ETF AAH CHF;ZGLDHC;CHF;ETF;CH;EBS*;Desenvolvido;1
ZPAL;ZKB PALLADIUM ETF AA CHF;ZPAL;CHF;ETF;CH;EBS*;Desenvolvido;1
ZPLA;ZKB PLATINUM ETF AA CHF;ZPLAz;CHF;ETF;CH;CHIXCH;Desenvolvido;1
ZSIL;ZKB SILVER ETF AA CHF;ZSILz;CHF;ETF;CH;AQXECH;Desenvolvido;1
ZSILHC;ZKB SILVER ETF AAH CHF;ZSILZz;CHF;ETF;CH;AQXECH;Desenvolvido;1
